"","variable","biome","loc","type","seasonal_sd","seasonal_range","spatial_sd","spatial_range","total_area_km2","mean","areaW_mean","sd","min","max","se"
"1","talk","Atl_EQU","Atl","EQU",3.84641824688162,11.1060427856314,35.9979719352619,226.772251383463,900923427.328359,2324.25807240126,2324.24105700541,39.83665605147,2125.84423828125,2416.1669921875,0.148462451545609
"2","talk","IND_STPS","IND","STPS",3.49183549705963,9.46007949153909,42.6204636559867,244.692873128256,4389596574.79992,2298.11964628146,2296.37458384509,43.5660865941817,2077.06372070312,2405.99267578125,0.0712343599077851
"3","talk","NA_SPSS","NA","SPSS",2.33370218132391,6.38746552107477,151.106460817969,1103.06987813314,1203358189.28354,2270.03310354277,2265.00055833985,151.758071864641,1053.36193847656,2344.4189453125,0.335406645869405
"4","talk","NA_STPS","NA","STPS",1.97248131773678,5.72141338136043,31.0365631383075,148.658256022135,2132423651.36161,2392.84759364059,2391.90847016297,32.2138949379192,2268.39428710938,2461.81982421875,0.0745500293201345
"5","talk","NA_STSS","NA","STSS",2.43719973138189,6.39729228462193,21.0405342777695,150.069431559245,724326005.550699,2362.32595735232,2363.44749198412,22.0374227026408,2224.84448242188,2432.68139648438,0.0795206995600953
"6","talk","NP_SPSS","NP","SPSS",7.64882562993629,20.155424419539,20.9587912241681,126.325423177083,1543172092.97829,2220.82863948439,2221.64121388436,23.5505895885033,2107.9287109375,2304.7802734375,0.0541715025907758
"7","talk","NP_STPS","NP","STPS",2.6113532176158,7.37563601031661,29.0276765090229,129.18159790039,5013758235.04182,2270.29452390925,2269.74500595196,29.9775642349289,2169.75390625,2343.85327148438,0.0458006467978766
"8","talk","NP_STSS","NP","STSS",8.52367714557984,23.0075796366496,23.283425348644,125.509379069011,831740386.881791,2260.58132512775,2261.18903367488,25.4729214992506,2174.45166015625,2324.81640625,0.0889770048398772
"9","talk","Pac_EQU_E","Pac","EQU",4.33209913155917,13.9163531458539,39.6679541275421,180.401971435547,1816743239.09272,2278.88031135435,2278.90939590798,40.856165848023,2102.9853515625,2358.359375,0.107263961978367
"10","talk","Pac_EQU_W","Pac","EQU",0.910761826218284,3.35373951475822,27.8640515833771,127.564784749349,1393863611.44212,2266.11921753192,2266.07840579311,29.3160170637376,2151.64672851562,2352.576171875,0.0877080594478037
"11","talk","SA_STPS","SA","STPS",1.75520323767347,5.31991443738025,30.7497219635451,173.715112304687,2207132827.37751,2380.04056407386,2381.3266421158,31.1250094311333,2216.32470703125,2452.701171875,0.0709220614187755
"12","talk","SO_SPSS","SO","SPSS",1.0582067385608,3.17784356883612,7.23786148037315,65.2743835449219,3720886911.45829,2280.10003592679,2279.78839873759,8.45226206012741,2225.27270507812,2317.4453125,0.0117283982562288
"13","talk","SO_STSS","SO","STSS",0.304410553569122,0.911255984686704,21.3380181271324,182.072843424479,3565610105.57674,2298.01479072501,2298.99920445111,21.7067389787904,2108.67504882812,2362.46166992188,0.034694607810014
"14","talk","SP_STPS","SP","STPS",1.17100239198194,3.6875710915524,35.4112271718389,139.241784667969,6429823244.71818,2321.91605557349,2324.16883989316,35.7533365279673,2243.4765625,2407.90478515625,0.046904397438925
"15","dic","Atl_EQU","Atl","EQU",10.6594498266215,30.3340834024527,37.4799389150089,186.129978434245,900923427.328359,1991.39913820224,1991.38429489977,43.3434402171996,1819.60827636719,2077.16650390625,0.161531464507261
"16","dic","IND_STPS","IND","STPS",8.34657470123276,23.0310722082163,51.9622747975643,235.188498942058,4389596574.79992,1975.15434409549,1972.3459247964,53.2965440062336,1790.75,2097.35986328125,0.0871445083637186
"17","dic","NA_SPSS","NA","SPSS",26.945324565438,73.835609403764,125.539748551173,914.928153991699,1203358189.28354,2080.12520574995,2072.76535811948,129.170850396585,1004.91204833984,2170.31958007812,0.285485715147068
"18","dic","NA_STPS","NA","STPS",8.7762335847694,23.9729062856263,36.8044072561594,144.732244873047,2132423651.36161,2048.73730899709,2047.02196476887,38.6334054787602,1926.92272949219,2120.63671875,0.0894061868870132
"19","dic","NA_STSS","NA","STSS",19.7049464815858,52.726048212631,16.9948160928223,77.5140238444012,724326005.550699,2075.04894742648,2074.57479717712,26.946566979192,1969.89831542969,2131.7041015625,0.09723504811983
"20","dic","NP_SPSS","NP","SPSS",34.7871584312212,90.759809556391,26.9993553157688,133.088345336914,1543172092.97829,2047.8106942069,2046.84907467316,46.762318745555,1881.15454101562,2177.24877929688,0.107563552137656
"21","dic","NP_STPS","NP","STPS",7.7028114510121,20.2133866250879,36.1954263959562,149.316026814779,5013758235.04182,1954.57491305226,1952.88861497135,37.9963560253604,1849.15478515625,2055.6748046875,0.0580520041016612
"22","dic","NP_STSS","NP","STSS",25.149835815684,67.8044934265997,21.8080597640721,100.479204305013,831740386.881791,1993.102826592,1992.33301709049,34.8688505985919,1860.78344726562,2107.20727539062,0.121797018397091
"23","dic","Pac_EQU_E","Pac","EQU",3.65302235018442,12.1776037602303,48.7123927466462,207.164165242513,1816743239.09272,1984.0842647379,1984.1195668568,52.2084546484282,1812.33947753906,2114.82495117188,0.137068312165893
"24","dic","Pac_EQU_W","Pac","EQU",2.00275329898375,6.19849870066969,22.4960789299392,101.244809977213,1393863611.44212,1921.83123732095,1921.81277569246,25.5317181287434,1834.41479492188,2016.38854980469,0.0763861423116151
"25","dic","SA_STPS","SA","STPS",6.42681146160629,17.7603915447976,14.4747090344774,102.012194824218,2207132827.37751,2061.91714277448,2061.8931175416,17.274796283447,1948.97155761719,2112.86791992188,0.0393626921052744
"26","dic","SO_SPSS","SO","SPSS",8.55797701117482,22.2111615719887,20.391614773602,117.753619384766,3720886911.45829,2130.16863314684,2128.89969472065,22.838360966291,2012.11499023438,2207.03344726562,0.031690616195605
"27","dic","SO_STSS","SO","STSS",14.7305261509396,39.2062635210546,18.7916009404813,165.262717692057,3562064668.94874,2071.3100841532,2070.46669691241,25.1598931017962,1854.33227539062,2143.43701171875,0.0402324044297729
"28","dic","SP_STPS","SP","STPS",8.63843070052648,23.2624909085537,35.6605860460496,179.576669311523,6426958594.87582,2024.81292501423,2022.50805278288,37.3434630156978,1895.98168945312,2126.51098632812,0.0490005873286044
"29","spco2","Atl_EQU","Atl","EQU",3.33082531648251,9.02932680324494,14.9257857140038,53.8975331624349,902429024.900495,381.626742538054,381.633214458824,17.126986566178,323.013214111328,456.666839599609,0.0637753863233604
"30","spco2","IND_STPS","IND","STPS",8.05922263169458,19.3656875046071,15.21792057035,68.0163627624511,4391096595.89564,358.542691866027,359.327734987132,19.6181937634333,308.675415039062,417.517822265625,0.0320723173974457
"31","spco2","NA_SPSS","NA","SPSS",23.3410949318587,59.3982745590584,16.6585653083865,96.0326005299886,1223017583.89067,336.461155106457,339.927206977516,36.2835709518842,0,500.453918457031,0.0796566252723544
"32","spco2","NA_STPS","NA","STPS",13.8337956900832,34.9218650613709,7.47142633838243,41.6513145446777,2132423651.36161,365.068516561611,365.245179525762,17.8918913580956,323.223114013672,421.324615478516,0.0414057669185671
"33","spco2","NA_STSS","NA","STSS",9.60608483325608,30.9143344593335,5.18342059688266,33.206399790446,724326005.550699,351.355294878483,351.560347959291,15.7958283916687,307.270843505859,428.012237548828,0.0569982860875192
"34","spco2","NP_SPSS","NP","SPSS",17.7882425582126,47.1899446164368,16.9411047266531,104.443830998739,1554693028.2979,359.100087173385,358.808584688603,37.4010260426335,201.904205322266,592.080688476562,0.0856776694403579
"35","spco2","NP_STPS","NP","STPS",11.6194520123165,30.698362734782,8.70661828798027,60.3561927795411,5013758235.04182,360.737337677116,360.866290503715,18.7693166400752,302.579772949219,470.605926513672,0.0286763405903392
"36","spco2","NP_STSS","NP","STSS",20.0421735806993,55.7382830180408,9.35153655557009,56.1837989807129,832994544.38415,342.508160762527,342.450236411261,24.5109376594461,279.565765380859,429.707244873047,0.0855541836212758
"37","spco2","Pac_EQU_E","Pac","EQU",6.18051584323787,17.715599586199,33.428845991225,120.250127919515,1816743239.09272,421.310421460333,421.341561870881,37.1991932723187,320.021606445312,523.033203125,0.0976629296941485
"38","spco2","Pac_EQU_W","Pac","EQU",1.63666287309106,5.09030839224494,9.7546943726985,43.3210596720378,1395370604.28529,369.645377164576,369.67712061808,13.1783635192905,340.112823486328,437.411346435547,0.0394060499944798
"39","spco2","SA_STPS","SA","STPS",13.394184163482,36.0644998495752,14.0620031336103,62.9073987325033,2207132827.37751,368.964747756372,369.782252888934,21.0753395217647,304.556060791016,447.902282714844,0.0480226850144835
"40","spco2","SO_SPSS","SO","SPSS",6.32861828734348,18.5534654812105,4.77808112343893,61.9997379302978,3723278590.75838,364.919341203327,364.957694398561,11.1614359953559,249.170852661133,421.875305175781,0.0154822957136024
"41","spco2","SO_STSS","SO","STSS",5.89066855400011,15.9057415858888,10.7633670965356,90.6005231221516,3570312437.46035,345.160346299384,344.750716722154,15.4897841914958,240.268264770508,452.588897705078,0.0247426751837345
"42","spco2","SP_STPS","SP","STPS",10.8873159271749,28.3182140876079,22.7444854837646,123.547886912028,6431304732.64443,362.048207976316,362.908541667725,27.108667331384,310.267211914062,492.32177734375,0.0355598819488837
"43","sfco2","Atl_EQU","Atl","EQU",3.32360091250162,9.02252566639021,14.8691751507194,53.7007270812988,902429024.900495,380.437053693114,380.443516127125,17.0651284715886,322.002014160156,455.231811523438,0.0635450466857119
"44","sfco2","IND_STPS","IND","STPS",8.04749043799751,19.3418389691735,15.2078224816924,67.8995719909668,4391096595.89564,357.401063310119,358.186823957482,19.5945688924827,307.615753173828,416.214019775391,0.0320336948632441
"45","sfco2","NA_SPSS","NA","SPSS",23.2173005246071,59.1001326309024,16.6355067721304,95.8406224568685,1223017583.89067,335.11869230439,338.583621450943,36.1430708613334,0,498.388458251953,0.0793481726374531
"46","sfco2","NA_STPS","NA","STPS",13.8109223055863,34.8567533289154,7.45685589602213,41.5851458231608,2132423651.36161,363.901820809104,364.079730030111,17.859220907352,322.144897460938,420.022888183594,0.0413301603188208
"47","sfco2","NA_STSS","NA","STSS",9.60658320419113,30.8945599626466,5.1779274292735,33.2506113688152,724326005.550699,350.139408917824,350.346328250746,15.7660042487619,306.085235595703,426.680633544922,0.0568906674816717
"48","sfco2","NP_SPSS","NP","SPSS",17.6642107435823,46.9203499681697,16.8543889766136,104.038969039917,1554693028.2979,357.677405786672,357.391409133333,37.2156551915621,201.048721313477,589.483520507812,0.0852530248735521
"49","sfco2","NP_STPS","NP","STPS",11.5986584053086,30.6353737745518,8.67850761133314,60.2730557759603,5013758235.04182,359.590511430799,359.721352693875,18.7257770629241,301.548553466797,469.114898681641,0.0286098194821131
"50","sfco2","NP_STSS","NP","STSS",20.0205423734652,55.6720872990131,9.29930457622493,56.0266866048177,832994544.38415,341.325391556738,341.269834957601,24.4545224841892,278.473449707031,428.271942138672,0.0853572693159148
"51","sfco2","Pac_EQU_E","Pac","EQU",6.17102524836373,17.6827341456682,33.3064466248378,119.791139221191,1816743239.09272,419.985777993698,420.016823640611,37.0641097639916,319.02587890625,521.375,0.0973082808424915
"52","sfco2","Pac_EQU_W","Pac","EQU",1.63246979426292,5.07755086709557,9.72627426838815,43.1910552978516,1395370604.28529,368.525413106883,368.557072557793,13.1383019345935,339.066711425781,436.055236816406,0.0392862575174307
"53","sfco2","SA_STPS","SA","STPS",13.3740044512068,36.0070116981087,14.050608459682,62.7625353495281,2207132827.37751,367.753921007135,368.571099758716,21.0457770014598,303.496063232422,446.476715087891,0.0479553232716574
"54","sfco2","SO_SPSS","SO","SPSS",6.28748157110593,18.4465157032348,4.74853180939332,61.5647327423096,3723278590.75838,363.38586605107,363.427359158295,11.1022955440566,248.178634643555,419.980590820312,0.0154002605743934
"55","sfco2","SO_STSS","SO","STSS",5.84531764973495,15.7868726887322,10.6860804787682,90.2773489634196,3570312437.46035,343.86922778893,343.464144005706,15.3964246119331,239.318740844727,450.832794189453,0.0245935468470286
"56","sfco2","SP_STPS","SP","STPS",10.8704643464502,28.282217793155,22.6887169848306,123.213072713216,6431304732.64443,360.839024501215,361.704832308815,27.044701378883,309.212982177734,490.762939453125,0.0354759744040428
"57","ph_total","Atl_EQU","Atl","EQU",0.00322709439031959,0.00903454982157825,0.0114701226148742,0.0446515520413708,900923427.328359,8.06550385358599,8.06549598245596,0.0138171453347514,7.9922022819519,8.11732864379883,5.14934603724971e-05
"58","ph_total","IND_STPS","IND","STPS",0.00860190264502683,0.0208830425386353,0.0175149780684789,0.068970290819804,4389596574.79992,8.08532218995317,8.08429311832834,0.0216784722969552,8.03469276428223,8.14304161071777,3.54461972276043e-05
"59","ph_total","NA_SPSS","NA","SPSS",0.0250032367615554,0.066130050567855,0.027176077219066,0.192669892311097,1203358189.28354,8.12440044632099,8.11872287074111,0.0462158797536343,7.80192899703979,8.3309907913208,0.000102143583030603
"60","ph_total","NA_STPS","NA","STPS",0.0136802016206987,0.0344060535022326,0.00886886242371892,0.04391303062439,2132423651.36161,8.08854292780289,8.08822292033654,0.0182863448341165,8.03983306884766,8.133225440979,4.23186189117661e-05
"61","ph_total","NA_STSS","NA","STSS",0.0110841184917184,0.0346784519969479,0.00470635155204,0.0365999380747475,724326005.550699,8.1020952116698,8.10190075793011,0.016555962871749,8.02765274047852,8.15205383300781,5.97411851293609e-05
"62","ph_total","NP_SPSS","NP","SPSS",0.0151015050398125,0.044979267935453,0.0174560597886411,0.133531626065572,1543172092.97829,8.0914715094482,8.09145513125074,0.0378957601470573,7.90859937667847,8.32592868804932,8.71685297419425e-05
"63","ph_total","NP_STPS","NP","STPS",0.0117671679351586,0.0310060101067453,0.0102167455526178,0.0589632908503201,5013758235.04182,8.07994881776646,8.0797025063613,0.0196032922160483,7.9854588508606,8.14541244506836,2.99505141854272e-05
"64","ph_total","NP_STSS","NP","STSS",0.0230019588642265,0.0629781794611013,0.0106285508850747,0.0608917236328139,831740386.881791,8.10086899701999,8.10089920821497,0.0272959289994138,8.01421642303467,8.18634128570557,9.53447764820081e-05
"65","ph_total","Pac_EQU_E","Pac","EQU",0.00538166356277693,0.0156320444862335,0.025726589973934,0.0909677823384607,1816743239.09272,8.02664609902287,8.026622164215,0.0291058445406913,7.94099950790405,8.11848640441895,7.64146154530078e-05
"66","ph_total","Pac_EQU_W","Pac","EQU",0.00151887150142602,0.00476338411716526,0.0076881308409089,0.0396775245666525,1393863611.44212,8.070224035499,8.07019094032242,0.0108592963238022,8.01282787322998,8.10048866271973,3.2488990760873e-05
"67","ph_total","SA_STPS","SA","STPS",0.0132796534620625,0.03552593492984,0.0128797647582571,0.0610434452692665,2207132827.37751,8.08454533864157,8.08382289459107,0.0201739320216451,8.00797843933105,8.1466178894043,4.59687200758295e-05
"68","ph_total","SO_SPSS","SO","SPSS",0.00549198328090363,0.0168683529211737,0.00709454125768493,0.0451294501622517,3720886911.45829,8.0993696114404,8.09892576151647,0.012407166999625,8.06039524078369,8.2353515625,1.72162427960673e-05
"69","ph_total","SO_STSS","SO","STSS",0.00483546680625211,0.0131587120785532,0.0100169391475204,0.0830982685089143,3562064668.94874,8.10719911368872,8.10752358193486,0.0150955266571314,7.99474191665649,8.24352169036865,2.41387883125294e-05
"70","ph_total","SP_STPS","SP","STPS",0.0116365335321045,0.030490335187956,0.021304239328381,0.117014952500659,6426958594.87582,8.08654603921021,8.08567945282277,0.0262549863215231,7.97236728668213,8.14439964294434,3.44507350461393e-05
"71","ph_free","Atl_EQU","Atl","EQU",0.00377074503227738,0.0109955429604653,0.013712516103412,0.0521214644114174,900923427.328359,8.18024935834938,8.18024370817886,0.0160492264314373,8.10628414154053,8.22709560394287,5.98119354783004e-05
"72","ph_free","IND_STPS","IND","STPS",0.00535142669650082,0.0138974576040205,0.00892448072141976,0.0466000715891539,4389596574.79992,8.19367237633632,8.19338636656204,0.0131140963414686,8.13709545135498,8.2345666885376,2.14426938860811e-05
"73","ph_free","NA_SPSS","NA","SPSS",0.0288896346284978,0.07146041199689,0.0247489123913986,0.203015820185344,1203358189.28354,8.18067586118548,8.17664290037208,0.0464056263548478,7.82536697387695,8.35985660552979,0.000102562949659977
"74","ph_free","NA_STPS","NA","STPS",0.00866263997832654,0.0235026772112406,0.00849635881788421,0.0342228333155319,2132423651.36161,8.19709664012187,8.19719731116409,0.0137374099972957,8.14480781555176,8.23260688781738,3.17913844337897e-05
"75","ph_free","NA_STSS","NA","STSS",0.00545246581561423,0.0167495752574265,0.00843851837160291,0.0305859247843436,724326005.550699,8.18960537865758,8.1899359284606,0.0148302416717298,8.13838291168213,8.22891616821289,5.35140251332524e-05
"76","ph_free","NP_SPSS","NP","SPSS",0.0212740424349302,0.0536630513666392,0.0194830539566522,0.120535890261333,1543172092.97829,8.14969564555315,8.15024382389277,0.0414320932040568,7.94948530197144,8.37182426452637,9.530286857194e-05
"77","ph_free","NP_STPS","NP","STPS",0.00788444707232427,0.0219830484313022,0.0136798081939775,0.0600769122441616,5013758235.04182,8.18855881801172,8.188834005107,0.0185331480361379,8.09448909759521,8.23692893981934,2.83155149165483e-05
"78","ph_free","NP_STSS","NP","STSS",0.0137806577750842,0.0401560949516178,0.0171083594050079,0.0591942389806093,831740386.881791,8.18798456489894,8.18846470481011,0.0246606321575578,8.10513305664062,8.24686241149902,8.6139675298022e-05
"79","ph_free","Pac_EQU_E","Pac","EQU",0.00364680080135241,0.0112973018309734,0.0291902032337752,0.103518644968668,1816743239.09272,8.13849542488038,8.13847237588051,0.0329240059088842,8.04786777496338,8.2282657623291,8.64388335195919e-05
"80","ph_free","Pac_EQU_W","Pac","EQU",0.00138860774111957,0.00396904314316338,0.00729486964709334,0.0391122102737427,1393863611.44212,8.1923494336343,8.19231898401182,0.0108860759496225,8.12856101989746,8.21895408630371,3.25691104104259e-05
"81","ph_free","SA_STPS","SA","STPS",0.0081179647327289,0.0220349936553923,0.00856661192686683,0.0454914887746174,2207132827.37751,8.18553738327165,8.18535782376532,0.0139084386064923,8.11509895324707,8.23088645935059,3.16920429942822e-05
"82","ph_free","SO_SPSS","SO","SPSS",0.00678927121128603,0.0197857176754113,0.0050957111458851,0.0554444233576472,3720886911.45829,8.14708879496305,8.14698494316739,0.0120137727627426,8.09831047058105,8.28701686859131,1.66703671181671e-05
"83","ph_free","SO_STSS","SO","STSS",0.00865521656194259,0.0228563804505146,0.0168711425820317,0.0842220226923622,3562064668.94874,8.17675203414345,8.17757717005649,0.0215680412269441,8.05434989929199,8.3011531829834,3.44887855401294e-05
"84","ph_free","SP_STPS","SP","STPS",0.00775121423154797,0.0208945228463424,0.0238842905904134,0.10657905737559,6426958594.87582,8.18350504630525,8.18432329403942,0.0266622831974949,8.06058216094971,8.23836612701416,3.49851735938266e-05
"85","hco3","Atl_EQU","Atl","EQU",15.2205988398924,43.6405803700616,39.4639527144402,175.477398681641,900923427.328359,1746.05190608046,1746.03860900332,47.5641400570859,1590.31640625,1874.97204589844,0.177261084098275
"86","hco3","IND_STPS","IND","STPS",11.6654936399587,32.1528730263396,60.2821185281968,260.450408935547,4389596574.79992,1737.65148846934,1734.15869322118,62.4430930244196,1570.01525878906,1919.93273925781,0.102099915553371
"87","hco3","NA_SPSS","NA","SPSS",41.280409474646,112.655199956195,112.477164618975,831.162001546224,1203358189.28354,1928.11764449348,1919.17532874611,120.64100742984,946.482971191406,2051.16137695312,0.266633564588511
"88","hco3","NA_STPS","NA","STPS",13.7649028312082,37.0615407677271,44.2082884439976,170.134781901042,2132423651.36161,1795.41824093895,1793.20564598699,47.3335258854686,1672.74230957031,1920.21520996094,0.109540176665609
"89","hco3","NA_STSS","NA","STSS",31.3727707516645,84.1847948977647,31.4579566244459,131.378006998697,724326005.550699,1859.8616034619,1858.32084597371,45.431024978612,1728.55712890625,1970.15014648438,0.163935090631014
"90","hco3","NP_SPSS","NP","SPSS",50.1163613548049,131.488653741618,36.3945049757467,153.688741048177,1543172092.97829,1905.74946186019,1903.74156814071,65.4445701588023,1683.94604492188,2079.90380859375,0.150536813041846
"91","hco3","NP_STPS","NP","STPS",11.2143657378076,29.6025068758559,49.6723058407358,192.102716064453,5013758235.04182,1721.99753834131,1719.58815086824,52.1968831758009,1611.28979492188,1884.47497558594,0.0797480072613563
"92","hco3","NP_STSS","NP","STSS",36.5277348087346,98.8427824742841,40.986793807295,158.51977335612,831740386.881791,1792.47927020451,1790.81676706904,56.9356913479783,1628.10070800781,1968.34912109375,0.198876571137702
"93","hco3","Pac_EQU_E","Pac","EQU",4.59498960756023,16.4834131308883,57.0295073955487,242.721801757812,1816743239.09272,1763.21989277182,1763.2579710909,62.8576769366038,1596.58068847656,1947.9453125,0.165026828363108
"94","hco3","Pac_EQU_W","Pac","EQU",2.76064413882609,8.70729224773208,19.0986185663641,89.4609222412112,1393863611.44212,1670.90655166402,1670.90249584511,24.1752041389401,1602.85681152344,1784.17785644531,0.0723277052667473
"95","hco3","SA_STPS","SA","STPS",12.1815095513797,33.6046346683938,23.3729985961741,106.627574666341,2207132827.37751,1825.65719792922,1824.72867581984,28.1432876053238,1725.14794921875,1916.45104980469,0.0641278511573567
"96","hco3","SO_SPSS","SO","SPSS",12.7011584751813,32.9523801073076,28.0989229012219,147.848964436849,3720886911.45829,2000.68559869327,1998.89822089956,31.7002433124502,1830.16320800781,2095.04711914062,0.0439874054712124
"97","hco3","SO_STSS","SO","STSS",23.8331932574897,63.5301935134798,36.6161698247304,196.249091593425,3562064668.94874,1896.32261524038,1894.32451888369,45.3648007162987,1650.81555175781,2013.04345703125,0.0725414453038308
"98","hco3","SP_STPS","SP","STPS",13.7188552452836,36.6170915653504,63.7655072024505,291.36294148763,6426958594.87582,1803.26904937681,1797.9668919479,66.0671966447521,1639.36120605469,1977.37426757812,0.0866907131078444
"99","co3","Atl_EQU","Atl","EQU",4.86522569230092,14.2692142194141,8.08326160219089,43.6753969828288,900923427.328359,235.049077369266,235.047540590486,10.9253128348166,188.471969604492,263.671600341797,0.0407162369568346
"100","co3","IND_STPS","IND","STPS",3.46402751237967,9.46808426455291,13.2883164220631,71.8819559733073,4389596574.79992,227.332993081184,228.055690946557,14.6530666816444,159.038223266602,268.042755126953,0.0239590449212492
"101","co3","NA_SPSS","NA","SPSS",16.621714602875,44.8690673334661,21.4052810307,144.435575064023,1203358189.28354,135.598450136342,137.404754613585,27.2646280387222,11.3210678100586,206.429183959961,0.0602586559580256
"102","co3","NA_STPS","NA","STPS",5.16375484467668,13.9026934445727,12.7656342221003,59.1456142425536,2132423651.36161,242.99269441451,243.518544815069,14.4571541736344,181.057647705078,273.118133544922,0.033457030564208
"103","co3","NA_STSS","NA","STSS",12.3240024242163,33.2596352503134,18.8779291065487,75.2476960500082,724326005.550699,203.301672892968,204.41980080771,22.9068274427048,113.745719909668,256.931243896484,0.0826578936895369
"104","co3","NP_SPSS","NP","SPSS",18.0547182235808,48.1770236912529,14.8529903545311,64.9241463979085,1543172092.97829,124.740857917129,125.938452249236,24.5719352193008,59.8689270019531,207.695755004883,0.0565208207374363
"105","co3","NP_STPS","NP","STPS",3.64272696355006,9.90857140133664,19.5045840202853,92.1677766164144,5013758235.04182,222.356779385379,223.121360254428,20.3085043821251,134.83219909668,253.054153442383,0.0310279590733082
"106","co3","NP_STSS","NP","STSS",12.0229822224112,32.7447129497311,23.3706338719105,84.0260485331218,831740386.881791,188.926551159328,189.87106996924,26.9440546158159,116.373977661133,243.701080322266,0.0941156780162771
"107","co3","Pac_EQU_E","Pac","EQU",2.19216972346243,6.23864304678631,14.6195134756649,66.9152826944987,1816743239.09272,209.249006726034,209.245470551826,17.2735139521698,148.477035522461,260.054504394531,0.045349961391152
"108","co3","Pac_EQU_W","Pac","EQU",0.8334287594394,2.82349955399971,5.17729718715349,29.7472989400228,1393863611.44212,241.46412764077,241.449084778658,6.63451825836042,209.899795532227,262.144927978516,0.019849242158192
"109","co3","SA_STPS","SA","STPS",5.89932326701698,16.3709288757418,19.080683437567,78.9290860493978,2207132827.37751,225.194212198307,226.122411870063,20.3339306967566,155.580871582031,272.767974853516,0.0463332962179921
"110","co3","SO_SPSS","SO","SPSS",5.16728628399293,13.5416650634371,9.78416168973372,49.0650484720866,3720886911.45829,109.131158716731,109.768599116419,11.4242668567664,81.6816558837891,170.266693115234,0.0158523659735618
"111","co3","SO_STSS","SO","STSS",10.0132643209102,26.7547280608235,21.9267066456462,103.990755844116,3562064668.94874,160.838480643665,162.092219300966,24.6561483604407,100.588508605957,240.639038085938,0.0394268818434254
"112","co3","SP_STPS","SP","STPS",5.32257592100779,13.9483638372268,35.1757248519217,136.330286471049,6426958594.87582,210.083624627413,213.242149177555,35.8751253283928,112.342445373535,266.587371826172,0.0470738937853616
"113","co2","Atl_EQU","Atl","EQU",0.241679570191478,0.681800300073254,0.58262693753244,2.02318053245544,900923427.328359,10.2981544450257,10.2981449983766,0.711048594180049,8.81797409057617,13.6322364807129,0.00264992165315375
"114","co2","IND_STPS","IND","STPS",0.133068661114005,0.3730796067066,0.710211448092496,3.50946375528971,4389596574.79992,10.1698625851106,10.13154067953,0.766093544703136,8.53180599212646,14.3019123077393,0.00125262991360124
"115","co2","NA_SPSS","NA","SPSS",2.29016120884923,6.04947714954851,1.52734778447047,8.04463112354279,1203358189.28354,16.4091110774619,16.185274752771,2.99078192499223,7.08664846420288,35.6973724365234,0.00661004796425731
"116","co2","NA_STPS","NA","STPS",0.152882837919935,0.418261118780018,0.616898163048715,2.56344799995422,2132423651.36161,10.3263736639405,10.2977739782975,0.662200147223127,8.94487571716309,13.2899684906006,0.00153247660633459
"117","co2","NA_STSS","NA","STSS",0.659430098872401,1.80531506911085,0.913968436148893,3.2892253001531,724326005.550699,11.8856709757447,11.834150285388,1.20898063903558,9.62214946746826,18.7390270233154,0.0043625331087015
"118","co2","NP_SPSS","NP","SPSS",2.72266587512896,7.17781544628876,2.07605652188165,8.34226442178091,1543172092.97829,17.3203743679303,17.1690542233324,3.79313184869026,9.83938407897949,37.4759826660156,0.00872503216941914
"119","co2","NP_STPS","NP","STPS",0.148416684985974,0.402550434533829,0.974814182547497,4.47311322689056,5013758235.04182,10.2205953993272,10.1791039271298,1.01706805952816,8.81517791748047,15.109393119812,0.00155390793590811
"120","co2","NP_STSS","NP","STSS",0.654030063432221,1.94749187543602,1.31136028552416,4.53254160086314,831740386.881791,11.6970053438445,11.6451801775855,1.57457236963312,9.0654993057251,18.6869029998779,0.00549998685300801
"121","co2","Pac_EQU_E","Pac","EQU",0.0805539447621281,0.274139841811269,1.2581552137126,4.97971592744191,1816743239.09272,11.6153650581393,11.616125032597,1.43083721262447,8.72209930419922,17.0067138671875,0.00375652646758607
"122","co2","Pac_EQU_W","Pac","EQU",0.0462555505430134,0.126218736237362,0.226014892585628,1.07807232538859,1393863611.44212,9.46055790369885,9.46119495422872,0.352449758985572,8.82325172424316,11.7293405532837,0.00105446399305409
"123","co2","SA_STPS","SA","STPS",0.155803938088768,0.43050404058401,0.587108043242991,2.62426894505819,2207132827.37751,11.0657328718845,11.0420300614345,0.659730443733509,9.5871753692627,13.9211130142212,0.00150327482321988
"124","co2","SO_SPSS","SO","SPSS",1.01063183408949,2.61770274077806,1.83191605090939,9.1756165822347,3720886911.45829,20.3518757316554,20.2328746975038,2.17234032918149,11.6851367950439,28.095796585083,0.00301434957263069
"125","co2","SO_STSS","SO","STSS",0.911437529706912,2.43079749481973,1.72363539427581,8.01713444391886,3562064668.94874,14.1489883627215,14.0499588255857,2.02549179037672,9.04631328582764,20.7941360473633,0.00323890107759652
"126","co2","SP_STPS","SP","STPS",0.256303088407146,0.691761928517007,1.91232798668633,8.86099628607432,6426958594.87582,11.4602509808311,11.2990116573602,1.96539703129301,8.53278064727783,19.5093841552734,0.00257891478427616
"127","temperature","Atl_EQU","Atl","EQU",0.939254642379193,2.69110655582002,0.905286016608082,3.747882604599,902429024.900495,26.9356524583041,26.9363812023873,1.62416002075636,20.6728744506836,30.2969341278076,0.00604784924507642
"128","temperature","IND_STPS","IND","STPS",1.13131062916629,2.95741241592232,3.64816651337252,13.673059574763,4391096595.89564,25.1121570553386,25.3425288737514,3.93314410691174,11.8312702178955,31.1909942626953,0.00643000307204073
"129","temperature","NA_SPSS","NA","SPSS",2.47567290047724,6.87363651112509,3.40759109516039,14.2178904968003,1223017583.89067,7.38238068132146,8.11191424150254,4.26834092786306,-1.64945566654205,24.0067119598389,0.00937067727639925
"130","temperature","NA_STPS","NA","STPS",1.61950266398261,4.28562758934369,2.39352762819973,10.0478754361471,2132423651.36161,24.8269654745257,24.9546425992924,3.01695962460933,14.6324090957642,30.6130180358887,0.00698190730756805
"131","temperature","NA_STSS","NA","STSS",2.64022189600464,7.18845802201458,2.75946673004857,11.3038590113322,727595167.803797,18.425446814963,18.5912607608918,3.82787219549585,4.84675407409668,29.577033996582,0.0137803840010844
"132","temperature","NP_SPSS","NP","SPSS",3.3983250506462,9.11109618395112,2.76308571634962,10.9390125109426,1554693028.2979,8.15148052830897,8.3834598386856,4.42735242572029,-1.57983863353729,26.9532928466797,0.0101421077912258
"133","temperature","NP_STPS","NP","STPS",1.30974397976605,3.50928435854696,3.26835942131254,14.3904896974564,5013758235.04182,25.3158636646021,25.4771386866106,3.67285989463212,10.4555044174194,30.8301200866699,0.00561150857534077
"134","temperature","NP_STSS","NP","STSS",3.49403533138265,9.3757148161942,3.32792298606332,12.5475092172623,832994544.38415,18.6206618977104,18.7651496519297,4.83709672851818,6.12618923187256,30.4279613494873,0.0168836405793735
"135","temperature","Pac_EQU_E","Pac","EQU",0.623968427394472,1.69201355170643,1.49894032724295,7.1128891468048,1816743239.09272,26.3112402546659,26.3112994182133,1.97450763296385,17.5995750427246,30.6625804901123,0.00518388123976345
"136","temperature","Pac_EQU_W","Pac","EQU",0.173109687538386,0.572275215938944,0.253458819391827,1.03183677991231,1395370604.28529,29.2611701498727,29.2621147362076,0.56676325830779,26.3407039642334,31.0483112335205,0.00169474011391617
"137","temperature","SA_STPS","SA","STPS",1.66471187820071,4.48690600802111,2.90430073151041,11.3107947429021,2207132827.37751,22.6102492278684,22.7703333888273,3.40760977689932,12.9374580383301,29.4117546081543,0.00776464696093343
"138","temperature","SO_SPSS","SO","SPSS",0.979550542896099,2.59958195888124,2.37284060620793,9.95819055583949,3723278590.75838,3.40694269802584,3.56992152553064,2.61317278699777,-1.76413297653198,13.1271772384644,0.00362479468196313
"139","temperature","SO_STSS","SO","STSS",1.58219081936611,4.22920035951095,3.07771942788119,14.8740937312444,3571420169.33728,12.435860641095,12.6181946716867,3.53313587249277,3.23995041847229,24.7833442687988,0.00564280638379969
"140","temperature","SP_STPS","SP","STPS",1.50313492935413,3.95907310445681,5.49307604318854,21.9157873392105,6431304732.64443,21.4004050785171,21.9354620829709,5.75734847986727,5.39762449264526,30.6438941955566,0.00755222046808792
"141","dic_uncert","Atl_EQU","Atl","EQU",0.490182642869126,1.75019851989337,4.62737450466611,33.984098760287,900923427.328359,6.28992266618874,6.28771053394094,5.80584195834357,1.30995309352875,68.0165176391602,0.0216370954757945
"142","dic_uncert","IND_STPS","IND","STPS",0.252805960649538,0.843063202371356,2.89254218039425,39.9523420313994,4389596574.79992,4.55007059889042,4.59365260987107,3.46433507074752,1.06787180900574,82.397102355957,0.00566449067527101
"143","dic_uncert","NA_SPSS","NA","SPSS",0.272624534871592,1.05218893645671,87.5379518571298,650.254517148932,1203358189.28354,20.0329210112164,21.9596801128548,87.7575591207939,1.31453669071198,719.21484375,0.193956526942733
"144","dic_uncert","NA_STPS","NA","STPS",0.494706337610491,1.27779619145458,1.0265366672919,11.8291986167431,2132423651.36161,3.78694859275047,3.82393563262661,1.86621306203852,0.939428150653839,41.5368728637695,0.00431882697701429
"145","dic_uncert","NA_STSS","NA","STSS",0.370335946744016,1.05585145859819,1.00735157250227,10.2262186765671,724326005.550699,3.75939190634837,3.75874193998499,1.79333991752087,1.13018226623535,43.2524681091309,0.00647115802580733
"146","dic_uncert","NP_SPSS","NP","SPSS",2.39744683817546,7.17479985069864,6.13481089100412,70.6647124052048,1543172092.97829,10.9914978416885,10.6812121477751,8.80689764367384,1.80617141723633,128.713577270508,0.0202577891618422
"147","dic_uncert","NP_STPS","NP","STPS",0.150474220802176,0.560643264439855,1.34816046131435,10.5051942437887,5013758235.04182,3.83086868489142,3.82792287503978,1.81171440897219,0.831875205039978,33.4232063293457,0.0027679931262486
"148","dic_uncert","NP_STSS","NP","STSS",0.468799093496948,1.71839244527069,1.61764803740868,7.91268847783407,831740386.881791,4.74399720027774,4.69161609912187,2.52176093605024,0.953859031200409,26.1039123535156,0.00880851986367395
"149","dic_uncert","Pac_EQU_E","Pac","EQU",0.512959822320043,1.38883200498562,4.36621062690787,76.3953062256177,1816743239.09272,6.38232503042985,6.37993709613601,5.26225568405668,1.67600333690643,146.672668457031,0.0138155497927718
"150","dic_uncert","Pac_EQU_W","Pac","EQU",0.33548594620046,1.07891787540097,0.796161244311937,4.17001606126626,1393863611.44212,3.82849174336938,3.82838553418851,1.36983914483044,1.01508700847626,20.8227615356445,0.00409830342530847
"151","dic_uncert","SA_STPS","SA","STPS",0.2421585618391,0.931489960694373,1.55012256416786,26.2399073829253,2207132827.37751,4.20324415149842,4.20354067826774,2.15634988233482,1.2812694311142,58.4885292053223,0.00491350144435123
"152","dic_uncert","SO_SPSS","SO","SPSS",0.236910454488598,0.808487812413238,0.909787644524917,16.0971659700076,3720886911.45829,3.26926766040654,3.27625383147896,1.78871023588191,0.751138627529144,47.3893165588379,0.00248202266590629
"153","dic_uncert","SO_STSS","SO","STSS",0.311349180972737,0.912602052079404,3.01201130290249,80.081587305665,3562064668.94874,4.70244918437058,4.69408520705491,3.61574696895632,0.971051335334778,133.744705200195,0.00578182879323883
"154","dic_uncert","SP_STPS","SP","STPS",0.267411550009142,0.925630606019603,1.21807264643391,8.37455484271049,6426958594.87582,4.33452907372523,4.35208679526046,1.69592015221961,0.96321576833725,27.8606376647949,0.00222531808274569
"155","spco2_uncert","Atl_EQU","Atl","EQU",0.169323997958359,0.621441289429757,1.02621070914139,6.12533561786016,900923427.328359,5.66020819718639,5.6591671385616,1.92354473267687,1.32928442955017,29.1321773529053,0.00716862796671191
"156","spco2_uncert","IND_STPS","IND","STPS",0.326871073133996,0.927413384461689,0.714128872648082,6.03439218203227,4389596574.79992,4.73688082859301,4.75402670106835,1.56886038918974,0.608431160449982,20.4821929931641,0.0025652238781423
"157","spco2_uncert","NA_SPSS","NA","SPSS",0.94846048064638,2.48627671222035,2.18482093457006,18.0734376077851,1203358189.28354,6.51428696495407,6.3686405353194,3.33143217982021,0.654191970825195,112.562232971191,0.00736293285520612
"158","spco2_uncert","NA_STPS","NA","STPS",0.64907249847907,1.6059617925294,0.561719178991754,6.82010098546743,2132423651.36161,4.45420500089485,4.46784064998451,1.49977080484587,0.430110603570938,19.5063781738281,0.00347079909741467
"159","spco2_uncert","NA_STSS","NA","STSS",0.829151330567415,2.45570653963554,0.55797921517988,4.35989418129126,724326005.550699,4.11168444554399,4.1128086291058,1.55785099116944,0.616595447063446,16.6932735443115,0.00562141055693125
"160","spco2_uncert","NP_SPSS","NP","SPSS",0.697674013063953,2.23883292445007,2.42461410263906,16.1141265412172,1543172092.97829,7.37766182226415,7.21202831376409,3.89291770454242,1.20156288146973,520.439025878906,0.00895456144419607
"161","spco2_uncert","NP_STPS","NP","STPS",0.485319570090418,1.5288345189963,0.788483565516371,5.78512317240238,5013758235.04182,4.15546101900042,4.14386766762419,1.57827289862841,0.54156106710434,25.384334564209,0.0024113339901217
"162","spco2_uncert","NP_STSS","NP","STSS",1.30947191404707,3.47857093629834,0.826972407987381,4.28892233570417,831740386.881791,4.1877009450553,4.16952457635405,2.01799319575725,0.53822648525238,19.3480396270752,0.00704885736608635
"163","spco2_uncert","Pac_EQU_E","Pac","EQU",1.0010139403656,2.99702706721434,2.06805442794859,11.5698821256558,1816743239.09272,7.46917377952656,7.4677537755307,3.66265412411271,1.150918841362,34.0885772705078,0.00961594864702037
"164","spco2_uncert","Pac_EQU_W","Pac","EQU",0.138380101785291,0.450107886187901,1.06972407560665,7.50949581762155,1393863611.44212,4.03006154227771,4.03150205527136,1.77945793237876,0.651723563671112,17.9709033966064,0.00532380649726788
"165","spco2_uncert","SA_STPS","SA","STPS",0.387649133620397,1.18652028766592,0.940761119833822,5.99166061282158,2207132827.37751,5.27815755124249,5.31249996888573,1.81671648029448,0.933985710144043,31.0458717346191,0.00413960606441029
"166","spco2_uncert","SO_SPSS","SO","SPSS",0.392594576858348,1.48692139044211,1.13975353177428,7.80999335149924,3720886911.45829,3.26915932453309,3.21750760093811,1.70827554930125,0.313939213752747,21.2038955688477,0.00237041111965725
"167","spco2_uncert","SO_STSS","SO","STSS",0.418257131922164,0.997263042403953,1.23889866061677,20.7353932966789,3562064668.94874,4.3787682537109,4.3933794439215,1.78218290402758,0.660124361515045,39.7274322509766,0.00284983338651569
"168","spco2_uncert","SP_STPS","SP","STPS",0.561086365298808,1.54268109044966,1.36276203315783,10.0217596411705,6426958594.87582,5.08023774784223,5.10490994472296,2.07607088604335,0.352738082408905,30.049768447876,0.00272413655662244
