"","scenario","biome","loc","type","period","n","areaW_mean_abs_aqueous","areaW_mean_abs_bicarbonate","areaW_mean_abs_carbonate","areaW_mean_abs_dic","areaW_mean_abs_pCO2","areaW_mean_abs_pH","areaW_mean_abs_tos","sd_abs_aqueous","sd_abs_bicarbonate","sd_abs_carbonate","sd_abs_dic","sd_abs_pCO2","sd_abs_pH","sd_abs_tos","min_abs_aqueous","min_abs_bicarbonate","min_abs_carbonate","min_abs_dic","min_abs_pCO2","min_abs_pH","min_abs_tos","max_abs_aqueous","max_abs_bicarbonate","max_abs_carbonate","max_abs_dic","max_abs_pCO2","max_abs_pH","max_abs_tos","se_abs_aqueous","se_abs_bicarbonate","se_abs_carbonate","se_abs_dic","se_abs_pCO2","se_abs_pH","se_abs_tos","areaW_mean_delta_aqueous","areaW_mean_delta_bicarbonate","areaW_mean_delta_carbonate","areaW_mean_delta_dic","areaW_mean_delta_pCO2","areaW_mean_delta_pH","areaW_mean_delta_tos","sd_delta_aqueous","sd_delta_bicarbonate","sd_delta_carbonate","sd_delta_dic","sd_delta_pCO2","sd_delta_pH","sd_delta_tos","min_delta_aqueous","min_delta_bicarbonate","min_delta_carbonate","min_delta_dic","min_delta_pCO2","min_delta_pH","min_delta_tos","max_delta_aqueous","max_delta_bicarbonate","max_delta_carbonate","max_delta_dic","max_delta_pCO2","max_delta_pH","max_delta_tos","se_delta_aqueous","se_delta_bicarbonate","se_delta_carbonate","se_delta_dic","se_delta_pCO2","se_delta_pH","se_delta_tos","p_s"
"1","ssp245","Atl_EQU","Atl","EQU","1850s",34920,8.28582521655237,1664.70830696051,266.179005697393,1939.17313787446,311.000586402832,8.13086438562142,27.5000662575868,0.466266420598887,59.8053861906758,16.6470270061861,70.6882036738643,17.1206987761528,0.0178261635513749,1.55796577214078,4.54596000556561,1146.90827496479,182.987630727394,1337.38614562608,157.086668395996,8.04880275726318,22.4436111450195,11.1671502450358,1807.31462851114,300.663429224977,2060.14965717509,397.102786254883,8.30632133483887,30.9949703216553,0.00249515208636281,0.320039204062199,0.0890839707325956,0.378276905833229,0.0916187513920425,9.53939361962366e-05,0.00833721103451087,-1.9890944990237,-75.8896845366306,28.278473127053,-49.6003059086014,-82.000985248658,0.0803713473889352,-0.791778189423283,0.15478168474631,14.1642721912852,2.74475179016232,14.8011316174684,6.48642116191363,0.00481029171004059,0.273766747236593,-2.82150715883994,-198.844762772589,5.36654846825516,-194.386579687299,-118.290950012207,0.0442315578460697,-1.86918067932129,-0.790120614922569,46.7077310108625,41.512879188673,84.8296512158693,-29.1686758422851,0.12666784286499,0.241752624511719,0.000828290064571787,0.0757978952558963,0.014688111459914,0.0792059492262417,0.0347110719969684,2.57415264451282e-05,0.00146502008372545,"Historical , 1850s"
"2","ssp245","Atl_EQU","Atl","EQU","2090s",34920,15.452692808756,1880.02522155897,192.879736206018,2088.35765057375,621.888983624428,7.88917279865565,30.4285960067838,0.77569906689506,68.4229320407424,14.1292066976136,78.1785750575883,29.9057937908271,0.0161858839014083,1.75160095634961,8.70308317409382,1185.11663676876,108.538487474336,1302.65020499398,311.396684265137,7.83975628217061,24.4672946929932,18.5605188000506,1979.52501801009,217.86484173465,2186.02449077343,711.340393066406,8.0669303894043,34.0541229248047,0.00415103267069264,0.366154657711002,0.0756102477311576,0.418360460985508,0.160036194919794,8.66162352724261e-05,0.00937341954648422,5.17777309317992,139.427230061831,-45.020796364322,99.584206790689,228.887411972938,-0.161320239576827,2.13675155977376,0.335213992911939,14.1005478785008,3.78236411450712,14.0938196284474,11.5019431795154,0.00465702685363888,0.494102418095951,2.81263827220676,1.36898748399722,-55.980751271801,-46.4295387994462,119.75653889974,-0.210616016387939,0.450569152832031,6.43848721476787,217.713617143756,-28.1595222708912,195.05246295336,260.768702189128,-0.142263491948447,3.34592056274414,0.00179384544295067,0.0754568845268974,0.0202407321109986,0.0754208793452745,0.0615508564496933,2.49213534510583e-05,0.00264411208897587,"SSP2-4.5 , 2090s"
"3","ssp245","IND_STPS","IND","STPS","1850s",181044,8.11996066792819,1657.73303376168,256.843402698789,1922.6963971284,283.11527362958,8.16321279196401,24.7113814077678,0.651199347508384,60.3101387311439,22.660701378765,58.7392414303873,20.2428949507608,0.0303189999769925,4.25652598676925,6.09351566291021,1349.20997812383,160.255486799357,1570.14247752335,227.309849039714,8.0884667078654,11.4049549102783,11.5717569907638,1870.20476467677,311.13198587091,2072.48803012758,340.76767171224,8.25491991043091,30.7256469726562,0.00153045966571462,0.141741903020689,0.0532575617431144,0.138049953747418,0.0475751923861361,7.12562239921351e-05,0.0100037590082699,-2.21675758522483,-81.5304290439104,31.3436542117889,-52.4035324173463,-84.092549573825,0.0903242685652198,-0.804652098405502,0.314879050944326,8.85901070984071,3.38316960417605,6.85805872954558,5.47982476287371,0.00715313429903214,0.287273158745821,-3.87919490754299,-114.897076948887,18.3249180600018,-82.09882122567,-110.87986328125,0.0619264284769692,-1.882568359375,-1.27641305337471,-33.4746584742959,45.251818989809,-1.65051601287087,-50.8401392618815,0.113890902201335,0.492816925048828,0.000740034044709462,0.0208205960608253,0.00795118213996136,0.0161179250422029,0.0128787763790787,1.68114166115125e-05,0.000675154212277913,"Historical , 1850s"
"4","ssp245","IND_STPS","IND","STPS","2090s",181044,15.8780716204135,1866.41004954736,175.070064683877,2057.35818585165,590.49500662319,7.90181555188057,27.4547998839265,1.52251492091259,71.131621097799,19.4882454871648,69.4787260138034,29.6426088896713,0.0215298132973586,4.39816837523719,12.0180268182554,1511.6382476973,99.5870288902994,1669.30421095683,469.057730102539,7.75654670397441,13.4548110961914,22.8964009493319,2071.47783399296,230.374450879871,2221.0626359861,833.377834065755,7.96862115859985,33.8254661560059,0.0035782401899219,0.167174732996297,0.0458016025166038,0.163290071152896,0.0696665582755541,5.05997295421883e-05,0.0103366493333832,5.54135336726052,127.146586741766,-50.429683803124,82.2582563059025,223.287183419785,-0.171072971518221,1.93876637775322,0.679545261127971,15.8800453033018,4.07456718583437,14.0146696556694,11.7392233945767,0.00890293038272377,0.527851818886519,4.02510531149836,50.1731069892037,-82.8410561094565,1.99017290550296,167.417678833008,-0.281948630015056,-0.760385513305664,12.1234846233008,245.230240953246,-32.6979973956103,182.829377000301,454.694701131185,-0.138743181228635,3.39785575866699,0.00159707870894401,0.0373215497211649,0.00957611637208153,0.0329375124812154,0.0275897203843281,2.09238168151705e-05,0.0012405662281004,"SSP2-4.5 , 2090s"
"5","ssp245","NA_SPSS","NA","SPSS","1850s",91392,12.4249809924421,1820.97856422992,157.677950960689,1991.08149618305,249.879352324903,8.20755600923628,6.63748996908943,1.55750871439624,121.432198020092,32.9497345129326,139.468588423439,29.8120010933549,0.0534548352261903,4.80948232061407,6.93377893545123,501.145619387332,3.84786214539309,522.938532699887,149.522091674805,7.68792905807495,-1.90471935272217,25.5909370108323,1994.66503727792,291.251864351676,2145.97490291227,440.139617919922,8.39809913635254,25.7530937194824,0.00515200640822784,0.401679590349661,0.108992804849789,0.461341278326388,0.0986136509256062,0.000176820618138791,0.0159090498223424,-3.50581686431546,-66.9142218927914,22.8431975235335,-47.5768412335734,-79.1804981096313,0.101725428060361,-0.850765870420788,0.817302155920056,11.2904430607478,4.88252464271773,10.0713067853744,11.1660302952171,0.0148369862320331,0.672503775431788,-7.8916440644671,-146.779588524879,-4.2722058040938,-136.219101544952,-132.126366170247,-0.102255249023438,-5.14131283760071,1.66949301951333,80.3771558394728,67.5608274996734,110.203805204366,37.2788703918457,0.203700923919677,4.0683296918869,0.00270351356999684,0.0373471008303495,0.0161506629241322,0.0333143799568347,0.0369355619674495,4.90785364086099e-05,0.00222454213485739,"Historical , 1850s"
"6","ssp245","NA_SPSS","NA","SPSS","2090s",91392,26.614622577507,1961.29994719092,86.5729022974046,2074.48747206584,571.210286984621,7.88637660377543,8.74570422727347,3.5062694431006,135.628860826949,17.6761485593823,143.933412839245,39.8118078807258,0.0438175465799694,4.31107700732073,15.580661314875,520.034571879079,2.15742133781133,561.567287396716,381.476538085937,7.4198525428772,-1.81995487213135,43.9535417130835,2162.34793433702,202.422881015247,2275.15137469655,823.789668782552,8.05425634384155,29.219762802124,0.0115982160952662,0.44864003241995,0.0584700617139256,0.476110251231149,0.131691519558621,0.000144941905419987,0.0142603994204232,10.6838247207494,73.4071610682147,-48.2618511397514,35.8291346492127,242.150436550087,-0.21945397740049,1.25744838776325,2.52468795628708,36.840151608766,21.2376006668495,42.9587430637354,27.8330450200146,0.0301080330419983,2.8384074972117,4.6743014146851,-96.7973192434496,-120.667672391081,-95.1409047563175,139.696644592285,-0.495242261886596,-7.83557486534119,18.4031435410238,224.282035089096,0.341989038432928,194.331094515589,390.62740447998,-0.133773883183796,9.26835507154465,0.00835129101323128,0.121861724055922,0.070250813828292,0.142101111543106,0.0920675595444077,9.95928804363971e-05,0.00938902843986039,"SSP2-4.5 , 2090s"
"7","ssp245","NA_STPS","NA","STPS","1850s",90324,8.34968219489037,1721.26744908605,274.665156152731,2004.28228743367,291.529991330098,8.16382032527326,24.3167714972485,0.601572113490916,50.235991609323,24.1623732437028,56.5834913129421,18.8312105636154,0.0263469995149659,3.07189585011527,7.01264277682291,1489.1237533961,179.6520547085,1731.17938417133,242.203470153809,8.03998864491781,13.7154893875122,11.2719480788414,1868.62196118485,318.205008086266,2111.65380949424,403.163824462891,8.23335542678833,29.9774436950684,0.00200164066194574,0.167152700804015,0.080396660166056,0.188273050673165,0.0626580187686241,8.76656752644118e-05,0.0102212710745043,-2.25619944842064,-92.7640367733472,30.5681936937048,-64.452042528063,-86.402098255478,0.0880939573227095,-0.765507849877048,0.179822029192894,6.53564344059751,3.46323382677898,6.74937179295125,7.31609395612014,0.00406955559157788,0.257887885194966,-3.2927937544698,-136.329131871741,15.03567666734,-119.756502335703,-117.245639648437,0.0616953849792488,-1.60076522827148,-1.55800160020726,-46.9882737054588,39.7407340545778,-31.2276549633207,-59.5326110839844,0.10569652557373,0.466581344604492,0.000598330736206119,0.0217463698354702,0.0115233892895726,0.0224575187585799,0.0243432014562734,1.35408337013513e-05,0.00085808312196179,"Historical , 1850s"
"8","ssp245","NA_STPS","NA","STPS","2090s",90324,16.2410652891487,1971.27650347378,196.173005924029,2183.69057468696,606.622639637534,7.91016057332906,26.919578664923,1.19031700456824,55.1085480361715,20.5047120453058,61.2920998455071,34.9993789233968,0.0245119175193703,3.19186989457445,13.9136535166859,1735.61429034711,112.614699317584,1924.26698278252,518.071923828125,7.78034620285034,15.0890598297119,21.5104133912438,2104.43707090819,229.360195984919,2300.22946875307,817.954868164062,7.97902388572693,33.2336006164551,0.00396060067200109,0.183365398920967,0.0682263430616827,0.203940236848525,0.116455165432092,8.15597161316432e-05,0.0106204666495352,5.63518364583768,157.245017614381,-47.9239565349966,114.956244725222,228.690550051958,-0.165565794621496,1.83729931779744,0.558348119668789,19.0265832886362,7.02687241051763,18.7131554547178,13.4464507612919,0.00887796378399173,0.609903376806279,4.40605715746947,65.5122179320888,-82.2817605579093,32.2625701781146,180.411983235677,-0.222754462560019,-0.73729133605957,8.36456657952933,193.51043473459,-31.9562853608451,164.595372583331,307.034561157227,-0.133591651916504,3.6970043182373,0.00185781932836697,0.0633080921045828,0.023380860295495,0.0622652081628456,0.0447410410141287,2.95400882235008e-05,0.00202936168664656,"SSP2-4.5 , 2090s"
"9","ssp245","NA_STSS","NA","STSS","1850s",37596,9.60272943298333,1773.05449909744,227.031421917733,2009.68865044816,274.785882101643,8.184554063886,17.3882978772926,1.16044824108999,63.2798102959323,35.2191560774926,69.4633452018127,20.3260468743327,0.0283476874742977,4.15783430449585,7.3966950189552,1620.39381487759,118.16339639524,1822.91873289548,224.961331176758,8.02526423136393,4.06436538696289,14.0879346670926,1926.56327227521,307.194900148519,2133.77796757056,421.52737487793,8.25761137008667,28.9274387359619,0.00598487320800592,0.326358063925451,0.181638591152312,0.358248906686531,0.104829159160605,0.000146199812509081,0.0214435338442428,-2.53382865643384,-79.776687298228,27.8406251791785,-54.4698907754834,-79.4560092286205,0.0891589370959778,-0.678801925344582,0.442289566844546,8.70494086903235,4.33355925434975,7.18137416003147,9.74715291201533,0.00805945284748367,0.408559750845791,-4.90764498928206,-103.709822861834,-1.96523815745363,-79.5542056359654,-123.550712890625,0.0435456275939945,-4.07509231567383,-1.00716137490273,-24.8858527788825,45.8055910811997,-18.7567842283056,-45.98359375,0.119719076156617,1.36258602142334,0.00228105561718302,0.0448946928778253,0.0223498142858168,0.0370370795397721,0.0502697770153575,4.15656654990369e-05,0.00210709811961095,"Historical , 1850s"
"10","ssp245","NA_STSS","NA","STSS","2090s",37596,19.5307370570457,1978.00937076184,144.815574434514,2142.3556822534,590.862103215551,7.90550233495632,19.4242185429044,2.47097799441968,66.2626213873901,30.2500029320673,79.761204361515,45.5491464278648,0.0339496733230757,4.55506824039577,14.4883105095736,1805.09897059437,72.9753031857127,1914.88916174919,479.057588704427,7.7609890460968,5.96759271621704,29.7705139882052,2130.05150057243,222.841485350873,2290.66117127767,865.258719482422,7.99589193662008,32.549617767334,0.0127437738907545,0.341741555884593,0.15601077728394,0.411358885402024,0.234914282646172,0.000175091385464105,0.0234922204259426,7.39417896762858,125.178184366174,-54.3752223040407,78.1971410297617,236.620211885288,-0.189892791833705,1.35711874026718,1.49938802480546,37.2372755856725,17.6754004078203,42.2886392345924,26.4775648141519,0.0214161293372386,1.54830609181108,4.35746960048002,-0.771740752597907,-110.045898339183,-44.8022182262407,136.952828979492,-0.286349360148114,-2.80230903625488,14.0729815046104,194.371563399558,-4.5127354615537,144.460280837171,339.307136027018,-0.118036047617596,8.20573234558105,0.00773291466203987,0.192046801486377,0.0911587665833149,0.218098606207904,0.136554878243096,0.000110451129271598,0.00798520375020665,"SSP2-4.5 , 2090s"
"11","ssp245","NP_SPSS","NP","SPSS","1850s",90696,12.775273209463,1792.7120465229,149.233253052612,1954.72057278497,270.992439317905,8.17283904069306,8.63978974871825,2.3685236744261,76.2792281998144,27.1961315906639,71.5228049577517,25.2733229580385,0.0370470877476921,4.36552483754417,7.61631917915613,1399.87368978917,81.8579578971112,1522.7247464926,155.16050974528,7.94263474464416,-1.7259556055069,25.0822541917035,2017.23488028556,248.139134896243,2137.74863858559,446.480824584961,8.35365940093994,27.7637023925781,0.0078647272031989,0.253286605297479,0.0903052640986151,0.23749281287493,0.0839205420361604,0.0001230155484425,0.0144958069521485,-3.67198885556288,-58.5122353657777,24.9375701281546,-37.246654093186,-83.496663524101,0.101181410489436,-0.476113263391992,0.699750407019055,13.124616355695,4.93663543019853,9.13289047797951,10.0911224087,0.0108284511807301,0.499336750970909,-6.54405932509161,-107.094383501868,-9.15899671945439,-80.4468042207284,-137.331912231445,-0.0278221448262528,-3.24770736694336,0.949602133598994,46.4098939196294,44.5440228103952,72.0271444129571,25.554047648112,0.157018629709878,2.44017219543457,0.00232353432686956,0.0435805343213194,0.0163921903670924,0.0303259338133514,0.0335077608788282,3.59560748702395e-05,0.00165805702992157,"Historical , 1850s"
"12","ssp245","NP_SPSS","NP","SPSS","2090s",90696,24.4241557314037,1917.80110884948,92.6901873062738,2034.91545188716,575.835510242891,7.88501184917976,11.865773135509,4.02761433685487,78.7108054676654,17.6766703806701,79.960696492039,43.5771046626683,0.0356074393541908,4.52882210038757,15.147263659415,1414.80300600675,40.361126046528,1505.24914426346,373.469763183594,7.69787185668945,-1.05397915840149,41.9394908932417,2108.29979985201,163.260585665113,2208.40142445182,827.102879638672,8.06688146591187,32.2744674682617,0.0133737688084252,0.261360703138102,0.0586957149324345,0.265510989684343,0.144698591860255,0.000118235168999531,0.0150380385705863,7.97689366637778,66.576826960801,-31.6054956181835,42.9482250089954,221.346407400885,-0.186645781023865,2.74987012339873,1.4344289453891,21.1577009645126,7.79043653137722,15.3209766365732,20.9064714844885,0.0145821064574587,1.05826219973138,2.82271851403931,-51.0106660327258,-65.9506652191901,-79.9567881536386,85.7241923014322,-0.365817737579345,-0.364062786102295,15.0628352915254,164.214849731537,-7.02333271726981,138.618978184251,441.448828125,-0.0800593058268237,6.92880439758301,0.00476304816779639,0.0702545421561255,0.0258682903509346,0.0508735897530888,0.0694203299643182,4.84201574905963e-05,0.00351397944644197,"SSP2-4.5 , 2090s"
"13","ssp245","NP_STPS","NP","STPS","1850s",210300,8.2843827597151,1650.8492281645,250.344720348082,1909.4783312723,290.595593845267,8.1517230208076,25.060591439014,0.834249021318976,57.8454027130867,24.7624174329708,54.6563754181284,22.0163238281962,0.0298421549470301,3.83843079902447,6.45686884732217,1382.68663290535,151.184973958672,1592.17894350785,224.285626220703,8.06142374674479,11.4323606491089,11.6984064723611,1812.77584934714,285.014197489049,2021.47181880832,383.474510701497,8.25567569732666,30.8528327941895,0.00181918166190966,0.126138950304134,0.0539974690379512,0.119184887636916,0.0480092772630361,6.50744557610292e-05,0.00837016615141424,-2.24510341706464,-78.6206372810974,31.2014979592641,-49.664242738898,-84.9146591571075,0.0894347130576463,-0.727334742620265,0.362009105774875,9.92206553758931,3.49113926697084,7.6348154671628,6.8451696585454,0.00704801810124547,0.330580735987021,-3.99185641397446,-116.062852004579,14.0327846415961,-91.7099878734316,-127.538217163086,0.0506735324859608,-1.68986320495605,-1.40815293933575,-40.5791101693173,46.4047782055323,-15.9162300871005,-58.7250823974609,0.124500719706219,1.11291027069092,0.000789404973623775,0.0216362731186793,0.00761285464093792,0.0166486455902191,0.014926726669452,1.53690624201412e-05,0.000720871583088433,"Historical , 1850s"
"14","ssp245","NP_STPS","NP","STPS","2090s",210300,16.0671807844446,1847.32080456865,168.969980252511,2032.35796560561,600.0297933918,7.89226409078952,27.7399999100033,1.66434950896774,66.3228443692493,19.9662062445498,67.5961367867745,34.1659481892588,0.0245398521490958,3.89628386284359,13.4577994759682,1529.82966444972,90.0904050148491,1678.92435019529,493.491729736328,7.78754714330037,12.942024230957,23.2162250301553,2026.11732011657,196.035562874669,2177.98144983128,753.609188232422,7.97528381347656,33.6250534057617,0.00362931694056468,0.144625044991326,0.0435387460216189,0.147401614285406,0.0745030138715504,5.3512138312165e-05,0.00849632180769375,5.53769460766483,117.850939123052,-50.1732421363072,73.2153915944098,224.519540389426,-0.170024216960433,1.95207372836901,0.628579232198231,20.5604961451328,5.58138996699318,17.8857451197331,13.6269771850763,0.00985048181579201,0.516452816066356,3.76900050157657,49.588149709087,-65.1345148409445,-2.28663514624304,180.497212727865,-0.211013237635296,0.219743728637695,8.45985331250994,166.774682772442,-28.917519218503,114.761514672501,294.420343017578,-0.130141941706341,4.25275421142578,0.00137069362150927,0.0448346675766595,0.0121709010336835,0.0390020469906766,0.0297152844880278,2.14801760893067e-05,0.0011261883061536,"SSP2-4.5 , 2090s"
"15","ssp245","NP_STSS","NP","STSS","1850s",40572,9.15561544813363,1701.92099206318,215.768857444935,1926.84546495625,266.423154314709,8.18509928257739,18.225622331266,1.06344106540835,58.3763287053555,27.8384414712247,52.3590809616776,24.986510148105,0.034554352324869,4.34519979077558,7.23859731073473,1523.89772367747,139.983742957331,1719.76984503824,188.582306925456,8.04719540278117,6.09713220596313,12.680213212335,1882.25247768633,278.269887490831,2052.71589947524,380.212622070313,8.31019099553426,30.1962032318115,0.00527959025328221,0.289816808923819,0.138207531229395,0.259943406840266,0.124048750544363,0.000171549536384328,0.0215723044841546,-2.71575570640546,-79.2272037744868,31.7532167657325,-50.1897427151598,-83.198387179544,0.096757735374725,-0.452943261736012,0.4393776984313,8.77097851695989,2.91420419538718,6.27877284301236,10.6230444561863,0.00782935753220853,0.394183835759051,-4.73743677182079,-103.60377154885,17.8334646565113,-71.3263392768822,-129.726900024414,0.0639305114746094,-1.8568058013916,-1.84206866101746,-39.2039299313055,41.0641930200612,-20.7998461786324,-49.6268468221029,0.127139358520507,2.03135633468628,0.00218134722233687,0.0435446534802639,0.0144679423867578,0.0311717771513856,0.052739473578189,3.88698547207573e-05,0.00195697646533497,"Historical , 1850s"
"16","ssp245","NP_STSS","NP","STSS","2090s",40572,18.5001169212943,1888.72389101488,137.221600703556,2044.44560863973,579.506222203156,7.90053013155645,20.9571233131843,2.10236528202237,61.6646534106007,20.9400223638663,62.1652256434961,49.5883831104516,0.0342018780296069,4.53938010679668,14.6327552191603,1672.82054234717,83.2408577331458,1824.11702118132,438.116923014323,7.78769947687785,7.01464605331421,26.5164421777593,2058.35798986406,193.699151131923,2177.47614180639,755.942403564453,7.99977909723918,33.3986587524414,0.0104374634503531,0.30614212080819,0.103959440322467,0.308627276185225,0.246187920197942,0.000169799632309405,0.0225363376940726,6.62874576675516,107.575695177211,-46.7940399756464,67.4104009683198,229.884680708903,-0.187811415646215,2.27855772018228,0.749025468525839,18.7375852600524,6.56717315041125,14.0657408077861,19.4898598421866,0.0100853527884311,0.697421412954364,4.91677141449449,51.4425818342991,-64.6862176861857,30.5859305511412,176.806569417318,-0.22820528348287,-0.739999771118164,11.025987193159,155.614129526251,-24.9839642494153,114.565818733618,310.185335083008,-0.148028802871703,4.61433219909668,0.00371863349246407,0.0930251574129596,0.0326035776540323,0.069831183400338,0.0967599215487632,5.00700339818716e-05,0.00346243850650086,"SSP2-4.5 , 2090s"
"17","ssp245","Pac_EQU_E","Pac","EQU","1850s",72264,9.49561785610075,1707.1653331964,237.036710130362,1953.69766118286,341.328578804996,8.09851375941106,25.9519209160933,0.905441488311195,67.4008922577557,16.3956144366504,67.0243946483953,23.4788326305896,0.0201493589570124,1.85900841723561,6.22454304547719,1307.95069640677,166.177635625271,1494.13016573213,223.04688659668,7.96254200935364,19.7931385040283,15.2938287404249,1897.27756773107,282.470956751689,2086.22454532958,510.5443359375,8.20090337753296,29.716516494751,0.00336821179101706,0.250729045397595,0.0609911325904643,0.249328486992101,0.0873404653161731,7.49549355718487e-05,0.0069154485975806,-1.92439641909532,-59.5991944730117,22.5296956793115,-38.9938952127955,-79.2611165030417,0.0735784939264089,-0.984820209231046,0.1744823535219,8.52560408273113,3.24160269048078,6.23617122306645,5.63247412486454,0.00601307690600568,0.292135049288911,-2.91650402703537,-98.7411235074849,-3.71705362589964,-79.1051424220623,-101.083182779948,0.0101020812988279,-2.17303276062012,0.613625005690807,25.3010936256858,32.4951765387597,25.2653900781677,-4.30950317382815,0.0977929687499994,0.528181076049805,0.000649068468856028,0.0317149595724386,0.0120586526515752,0.0231983465695958,0.0209526137302943,2.23684432363229e-05,0.00108673252803949,"Historical , 1850s"
"18","ssp245","Pac_EQU_E","Pac","EQU","2090s",72264,16.4855516500796,1869.84162882111,173.005318574622,2059.33249904581,642.126724250711,7.87157805300961,29.3147970153116,1.16205898913702,62.4647652855822,10.9999748390451,64.7936309301187,29.3163168702837,0.0151794302312246,1.89915975764657,12.7575134194786,1503.06155869564,122.372065546768,1651.46977411091,505.002315673828,7.77762751579285,21.8186855316162,21.9532213254729,2015.77135989585,204.675494841893,2180.69115015925,783.633095296224,7.93979104995728,33.1748199462891,0.00432282023697532,0.232366819583708,0.0409195353118485,0.24103012121599,0.109055709757519,5.64669683748347e-05,0.00706481022938475,5.06553737488354,103.0771011517,-41.5016958764283,66.6409426501554,221.537028942673,-0.15335721247505,2.37805588998727,0.519910346427238,19.8214430121209,6.04924972964465,17.164018316133,13.5224405857139,0.00869308112877211,0.735230658927065,3.45767299771571,32.9310784636268,-60.0502953561439,-14.3655588070344,162.913269042969,-0.197239398956299,-0.355361938476562,8.21372578736098,180.531303204173,-21.7784992428718,155.588547878583,303.993104044596,-0.110242938995361,4.52730751037598,0.00193404894928574,0.073735099319253,0.0225030049199524,0.0638495690996682,0.0503030227928711,3.2337968533793e-05,0.00273503324785163,"SSP2-4.5 , 2090s"
"19","ssp245","Pac_EQU_W","Pac","EQU","1850s",52356,8.01556889238298,1630.95562279899,270.803739105408,1909.77493079679,312.23161986614,8.12506561605044,29.1358647301686,0.56205802892278,42.80575382654,13.5079468056535,46.2633161034057,20.6638279753583,0.0229829296723796,0.846122799111555,6.56084182627417,1469.74980649018,210.149706670624,1734.7114987271,252.338724772135,8.0716313680013,25.2438163757324,9.45930180874204,1746.69835459325,294.976835432485,2014.70247821167,362.465134684245,8.19566278457642,30.8045310974121,0.00245639342654832,0.187076363840013,0.0590345303013726,0.202187140328789,0.0903082752919251,0.000100443574266264,0.00369785747171638,-1.8380189734083,-65.8020949995845,29.3043841665766,-38.3357298064162,-79.5434753147556,0.0790987408340412,-0.918545907000274,0.119445397202345,9.34642214303253,3.76757132780324,8.17930181889762,5.37890154204968,0.00528494195686188,0.291844851823048,-2.17767192207619,-114.063809947812,18.9574468398056,-88.968038499542,-96.4107830810547,0.0617241859436035,-1.68528366088867,-1.31217654755259,-23.7105919972719,41.0379493592597,6.26537875925828,-56.9565185546875,0.0950929641723626,0.316715240478516,0.000522018854675239,0.0408471878924888,0.0164656262653251,0.0357464571055085,0.0235077122112541,2.30970754165821e-05,0.00127546576812373,"Historical , 1850s"
"20","ssp245","Pac_EQU_W","Pac","EQU","2090s",52356,14.6575471054669,1802.62138382433,187.255680255388,2004.53461118519,604.196633485898,7.88876313412368,31.7970761196011,0.62870683046207,41.7276757024748,7.21612491779421,46.4489395414767,26.2064823091037,0.0171420159821504,0.906858585737716,13.1173023897637,1651.67454511032,156.047258451214,1829.98136294655,524.817727661133,7.83588795661926,28.1582145690918,16.4608357774856,1904.69094265943,204.630631833462,2113.85506035128,684.412607828776,7.9226806640625,33.5834655761719,0.00274767238630663,0.182364779126358,0.0315370315894135,0.202998380751713,0.114531645425318,7.49167046986983e-05,0.00396329445392741,4.80395923967558,105.863666025753,-54.2436746834435,56.4239505819852,212.421538305002,-0.157203741092714,1.74266548243224,0.375331445513417,26.6516140436225,6.31169519698555,28.3986043939057,13.2244745113114,0.00890560959077648,0.471449904140644,3.46090972901145,32.8715845065144,-70.7607470051627,-19.3011729310144,168.625342814128,-0.185952472686767,0.0944766998291016,5.82120796875675,187.315666360501,-33.0320870065917,149.456547739152,250.595001220703,-0.127071364720662,3.13780784606934,0.00164033186627195,0.116477029372089,0.0275843521388108,0.124111998346562,0.0577956555863096,3.89206803078947e-05,0.00206040370546333,"SSP2-4.5 , 2090s"
"21","ssp245","SA_STPS","SA","STPS","1850s",93444,8.86118319245749,1736.03831092045,250.728084120903,1995.62757823381,289.892217798509,8.16479320333503,21.9558832747363,0.609625315235018,49.1317869351819,24.7697541290047,55.5106856744523,22.1436287908796,0.0280043937505032,3.52908575083857,6.8887445889777,1447.11283250684,141.62981262623,1684.33378776476,227.449210205078,7.95341095924377,12.2250413894653,15.9899398389209,1898.72718407499,298.896850746174,2101.05688854346,493.991367594401,8.24795977274577,30.4084587097168,0.00199428527587252,0.160726263843498,0.0810300273167187,0.181593743447925,0.0724391060351776,9.1611599322831e-05,0.0115448023143128,-2.37760931980897,-82.5167243064048,30.8962399289813,-53.9980936972325,-84.7516122119769,0.0894719655047435,-0.722721694768594,0.250072067337289,8.3248651957449,3.25031698665425,6.77678494128676,7.57780570344224,0.00703849259120608,0.236674100644412,-3.6429118235112,-132.365903206364,2.11574369260177,-109.892982336892,-116.194432576497,0.0278278541564942,-1.65986061096191,-0.729371833382558,-13.4344718610901,41.7835684118543,-4.1594948334714,-37.1428546142579,0.114802665710446,0.178544998168945,0.000818068130267027,0.0272333770737479,0.0106328578331823,0.022169096473549,0.0247894993205322,2.30252284283319e-05,0.000774238966624218,"Historical , 1850s"
"22","ssp245","SA_STPS","SA","STPS","2090s",93444,17.1982152984537,1955.5815644834,172.168592963164,2144.94837274501,598.622281372409,7.90704036309761,24.3639654819231,1.31599823444817,51.4233392867647,22.4710739294929,58.4913464992463,34.90864166269,0.0224128341549377,3.69264084148363,14.084112442001,1705.09725024577,101.055461390311,1886.14918306711,490.793636067708,7.7736473719279,13.4198970794678,26.2523101747246,2089.59925752192,216.648599574145,2253.41591767919,790.023077392578,7.97696906725566,33.5291481018066,0.00430506384240695,0.16822268664525,0.0735102869757869,0.191344467124754,0.114197669172866,7.33197654833831e-05,0.0120798449067315,5.95942278618725,137.026529256545,-47.6632512287574,95.3227008139745,223.978451361924,-0.168280874732674,1.6853605124182,0.657807753090827,14.4760210898042,4.22002107646645,12.4661758422387,12.1521564198472,0.0098283178150904,0.452176083615082,3.46693177290838,64.8841794306873,-59.7607375418322,55.1456606969305,153.041180419922,-0.197451512018841,-0.0595560073852539,9.53152028512257,193.469307954768,-11.5090273819471,163.817036607705,297.243902587891,-0.0900456047058098,2.99539184570312,0.00215190590606968,0.0473558347908947,0.0138050794255883,0.0407809687480418,0.039753707748928,3.21516659748196e-05,0.00147921696018746,"SSP2-4.5 , 2090s"
"23","ssp245","SO_SPSS","SO","SPSS","1850s",258720,15.9119415727106,1899.47497547295,124.87436710257,2040.26128414823,285.486131493399,8.15520710391147,3.42686507616703,1.54414117821946,51.4859396449494,15.3087647712493,55.8197817501905,10.5663043732821,0.0217723449415679,2.6101944282338,8.70806928640434,1438.17595735689,68.7614373652451,1527.14347770282,189.493976847331,8.08476266860962,-1.86689949035645,21.9063446939884,2078.232921165,207.619233671344,2202.31541928758,342.375421142578,8.3174659093221,11.9215383529663,0.00303579193831991,0.101221703504593,0.0300971344678365,0.109742066221824,0.0207734254397853,4.28045765401759e-05,0.00513165979539309,-4.15349230366158,-51.5266084812778,19.7167630152977,-35.9633377696417,-82.7135563153873,0.0967746332624904,-0.601043580226285,0.374924282403662,7.05099965019688,2.83809300863373,4.84219158357376,5.89739093552015,0.00633873529493549,0.285544659954411,-5.63328057645444,-87.9572451061374,7.18905093221611,-64.6252092380755,-103.103073628744,0.0385255813598633,-2.68670845031738,-1.52999100488675,6.98670797869272,36.2912290419303,17.936608822527,-27.8214660644531,0.12816883722941,1.54345047473907,0.000737103659986491,0.0138623127192597,0.00557970993672177,0.00951978120949026,0.0115943102299863,1.24619962079492e-05,0.00056138272131274,"Historical , 1850s"
"24","ssp245","SO_SPSS","SO","SPSS","2090s",258720,30.2474052726056,2023.77772321084,76.5409959363179,2130.56612441976,585.191631307416,7.87817553777991,5.52289461640636,2.79640739363656,56.3318976840315,10.3536659586981,60.0991780748829,18.0513948577805,0.0200515097614065,2.86202206554104,17.0719464399958,1560.67617724298,40.1274265771128,1632.97723717089,378.428666178385,7.80395965576172,-1.82979357242584,39.6981780511519,2160.5663752636,131.720762187848,2260.76772456001,673.550500488281,8.06227814356486,15.0851240158081,0.0054977557373666,0.110748889590936,0.0203553768870517,0.118155388168433,0.0354891636578655,3.94214030060466e-05,0.00562675462348712,10.1819713962335,72.7761392566081,-28.6166081509545,54.3415025018871,216.991943498629,-0.180256932869064,1.49498596001304,1.17005658853807,11.5375052086922,3.57696608559975,8.48593483752983,8.58887802644616,0.00598532485319587,0.624548455175628,4.83118482552116,29.7179284523193,-47.7646206438269,15.3830816826769,122.052298278809,-0.237004041671753,-1.50556969642639,14.769304185737,150.197243944327,-14.3958921659936,122.469201658896,262.10422668457,-0.124256973266601,4.13146257400513,0.00230033911987104,0.0226828128120121,0.00703233937380573,0.0166834049452568,0.0168857919467986,1.17671889033552e-05,0.00122786646198931,"SSP2-4.5 , 2090s"
"25","ssp245","SO_STSS","SO","STSS","1850s",190536,11.629165634111,1811.09690249221,176.829686175865,1999.55575430218,276.680456799753,8.17494488963514,11.711769006926,1.68859796649341,60.0687781340347,29.3939927116679,55.6585697299354,16.3424167899107,0.0261891836886262,3.601247364095,7.49172711907913,1350.53891701123,71.5612863116717,1482.54100927323,179.068826293945,7.74063794136048,2.00357699394226,34.0427019984356,2044.21056889222,271.577629797081,2158.74134279027,856.659748535156,8.32382717132568,24.5600414276123,0.0038684566998697,0.13761325776564,0.0673395268131852,0.127509786964897,0.0374393034798434,5.99975394467466e-05,0.00825019914151117,-3.08857022771003,-64.996100070708,25.0438411318991,-43.040829166519,-82.0580477041741,0.0950933916176267,-0.763591073093807,0.534581090378249,9.89282103438282,4.67273955214749,5.91562740839112,6.89914748304227,0.00641984615043475,0.38763909688641,-9.95551388826773,-135.740728655148,-4.46983690513414,-129.979425557623,-276.770883789062,0.0165363502502442,-5.42268943786621,-0.758927710931545,29.7929231979774,44.9030721907624,39.0967259706392,-39.2140284220378,0.186963787078859,1.88515949249268,0.00122468689512393,0.0226637426850292,0.0107049108111796,0.0135522776504616,0.015805451524727,1.47074065855681e-05,0.000888053338472103,"Historical , 1850s"
"26","ssp245","SO_STSS","SO","STSS","2090s",190536,22.5488450787248,1980.3934539246,113.274958817494,2116.21725782082,580.178151293441,7.89939076922094,14.1665303336103,3.03399698223782,58.2077470361743,20.7506274322891,61.0004565844518,27.9654798995249,0.0258368133124982,3.75676495205911,15.0698206500647,1475.22477680372,53.2900790164507,1566.23689328709,383.671048990885,7.60882745742798,4.2327299118042,43.9559589438829,2104.85819302875,179.957152485147,2250.01371471067,1216.91193237305,8.05754667917887,27.4912071228027,0.00695066924526477,0.133349769142511,0.0475381975519229,0.139747666201015,0.0640669065278132,5.91902842152373e-05,0.00860647876937112,7.83110921690372,104.300451361687,-38.5108862264721,73.6206743521184,221.439646789514,-0.18046072879657,1.69117025359048,1.0816526941437,20.6337477963986,7.21210671889917,14.5608842929496,13.2791300843903,0.00893128142221176,0.634566231997823,3.91382457416466,-2.70242844263157,-65.425455300534,-44.4720193804051,123.884431966146,-0.29462921142578,-0.785942077636719,18.0945950679138,242.805526650753,-8.38444006195282,243.483207688136,539.489771118164,-0.0891606426239022,6.58163166046143,0.00247798865959882,0.0472704346980579,0.0165224186635959,0.0333579404433732,0.0304215335815411,2.04609244721081e-05,0.00145374567563927,"SSP2-4.5 , 2090s"
"27","ssp245","SP_STPS","SP","STPS","1850s",287412,9.1794628235424,1723.88083104556,237.820341044643,1970.88063491374,288.811234447409,8.16225984847343,21.1429075904798,1.5640352602992,73.1622792620821,40.2643012410113,59.2855315193196,28.2932800786927,0.034341552517092,5.7791631975697,6.83933599226866,1496.44469714467,113.607523702098,1747.0175575558,229.587279256185,7.90856828689575,5.1601676940918,21.978985001648,1969.42837680663,302.111715522119,2123.65936443928,565.272724609375,8.24631423950195,30.2716979980469,0.00291738732224722,0.136469241713309,0.0751048041955257,0.110585012011855,0.0527753169647707,6.40571299655262e-05,0.0107798448498931,-2.45887154791604,-76.2639544070117,30.200156214993,-48.5226697399348,-84.6443996349107,0.0912728724273039,-0.799183049217753,0.519103986367556,12.4712462395125,5.45815624310172,8.06404342927078,7.76843308862328,0.0104611455573218,0.309409924796649,-6.77579684966043,-119.124938865034,-4.85097835832076,-88.7265903274583,-188.405077514648,0.017191829681396,-2.1436824798584,-0.0828475709719996,-3.05379903502103,43.4892892097241,-7.93306599219704,-22.3539672851562,0.156803493499757,0.681673049926758,0.000968282127135031,0.0232625546209342,0.0101810721475827,0.0150418207720618,0.0144904202493106,1.95131236486798e-05,0.000577140819578793,"Historical , 1850s"
"28","ssp245","SP_STPS","SP","STPS","2090s",287412,17.7938078587619,1924.59913151661,160.119099821169,2102.51203919654,595.698852011492,7.9010064111096,23.6051697305238,2.97562050085409,65.4446549688868,31.6790903261198,62.179885466872,34.3160863169575,0.0237271163466152,5.93113428052177,13.8595189139974,1679.56444726759,74.6990449707851,1858.94693472534,502.77932800293,7.65800458908081,6.68677520751953,38.8853989807643,2089.93008010884,209.593668317505,2221.64695776664,1079.31373168945,7.96592388153076,33.0579719543457,0.00555041036820996,0.122073594861633,0.0590908522612633,0.115983836275618,0.0640096279869556,4.42580740857837e-05,0.0110633157677212,6.15547348730342,124.454346064044,-47.5010850084814,83.1087345428659,222.243217929172,-0.169980564936536,1.6630790908263,1.14662215701279,22.6978745634065,8.18872627717697,17.5216672730377,14.6889424655959,0.0136926370599176,0.60226835463979,3.01536610845504,33.0457139480889,-73.3060646360466,-14.3259573899377,139.448820800781,-0.280433340072631,-0.443227767944336,17.4268560911751,185.686966378257,-8.31141934572233,146.136964080284,521.330393066406,-0.084749336242675,3.97361373901367,0.00213878870201235,0.0423382344209888,0.0152743910785097,0.03268308027609,0.0273992125459821,2.5540808945122e-05,0.00112340821656456,"SSP2-4.5 , 2090s"
"29","ssp585","Atl_EQU","Atl","EQU","2090s",34896,24.9251196076443,2031.01020128668,145.927009312183,2201.86233020651,1051.18077173917,7.69901652350338,32.4556258393524,1.03869264261958,75.6281903466355,12.760309097449,85.3666967276414,40.8183797117086,0.0144201035219718,1.90141147036996,14.944576753996,1189.56896685482,62.1320734799775,1267.69360679057,547.85647277832,7.65440406799317,25.6740455627441,27.5389453398119,2129.94139182714,167.208578379348,2320.15167029953,1160.30938476563,7.85732932090759,36.2873268127441,0.00556031289484132,0.404851622841354,0.0683082832258902,0.456983639941463,0.218508299514997,7.71934682775379e-05,0.0101786055694335,14.6499044646601,290.403196460104,-91.9682583966666,213.084842528098,658.171828530654,-0.351469318685202,4.16424692505128,0.717562412582075,27.2048926229975,7.30504773581744,28.1178891173853,26.2365519987987,0.0104532284808435,0.878113100810007,9.47244808749074,13.2873687887777,-108.191598858501,-67.1928073885135,358.685872650146,-0.447769403457642,1.85453605651855,16.7052675339221,412.94681281432,-68.2593220317315,358.784822816819,739.472127075195,-0.298890495300293,6.30507278442383,0.00384124366710745,0.145632797468296,0.0391052650767389,0.150520235746367,0.140449091876859,5.59580560503154e-05,0.00470070105170777,"SSP5-8.5 , 2090s"
"30","ssp585","IND_STPS","IND","STPS","2090s",180852,26.5970466042708,2003.8025501915,125.329754292944,2155.72935108871,1034.13454055757,7.69396993742011,29.3821366981231,2.79329276148123,75.2123165488555,16.3403208578225,75.3520681847579,40.6194550816015,0.0187329618751881,4.47930686019787,20.9058076333913,1547.45845927355,66.2186406148269,1659.85802122559,840.255261230469,7.54101166725159,14.3204040527344,38.6279936837847,2188.80201735347,169.618833953183,2322.50802165747,1463.81293945312,7.76145887374878,36.2748756408691,0.00656832748811337,0.17685905789931,0.0384236769360735,0.17718767884598,0.0955151880403646,4.40498862544324e-05,0.01053292901598,16.259715715852,264.517045785251,-100.156441628638,180.620319872465,666.926898090674,-0.378916734999849,3.86855156910256,1.97635148011103,25.5460736435755,7.39290745055132,21.5408210709265,28.6148354054257,0.0183925996231547,0.882130493395015,12.8115494257563,122.111272062724,-123.009765706279,30.339001154093,539.233493041992,-0.497483666737875,0.33991527557373,27.2013474293026,369.812644224696,-66.1337542998585,281.466009833256,1085.12980651855,-0.328697443008421,6.46233558654785,0.00464731944033787,0.0600706735936576,0.0173841560376881,0.0506524661889253,0.0672867565308944,4.32495366574352e-05,0.00207429813579475,"SSP5-8.5 , 2090s"
"31","ssp585","NA_SPSS","NA","SPSS","2090s",91020,44.4091182914385,2014.39351142508,56.113418166011,2114.91604788253,1022.66555688408,7.65275476231559,10.9595609717535,5.64269327070348,145.561527770472,12.0903006980709,151.524356812208,63.3852191343626,0.044535053181903,4.45349837111178,25.8485390051933,531.510306312281,1.36080699612755,594.843654985252,742.717132568359,7.19370582580566,-1.33002173900604,70.7134900456724,2233.72837716184,142.483534852651,2349.21062052695,1408.99590820313,7.78333420753479,32.3792343139648,0.0187032908561907,0.482478749198999,0.0400745529920739,0.502243163201858,0.210096869097684,0.000147616043083839,0.0147615812815731,28.4734595363382,126.1445783295,-78.6352369762651,75.9828008895731,693.643607922745,-0.453079755293244,3.49068976841211,4.64802629862717,54.8214813220262,23.9353147233659,54.3203940582228,56.415253182282,0.040120136785986,3.21967175776244,14.0125958862956,-143.330288191696,-158.380659996097,-121.462601800441,497.519189453125,-0.790325260162353,-5.28792452812195,46.6626903933337,333.676708320274,-1.51175672334395,296.259587812783,970.072201538086,-0.32950749397278,15.3937139511108,0.0154063642306769,0.181711473784442,0.0793360779204228,0.180050568186772,0.1869941955683,0.000132982345752227,0.0106719352723892,"SSP5-8.5 , 2090s"
"32","ssp585","NA_STPS","NA","STPS","2090s",90108,27.0253197572475,2134.64425479552,144.071945380003,2305.74151993277,1054.99761533135,7.70863385190432,28.715877020232,1.98691311568919,61.7559089826569,18.4905228957854,71.0331412722538,57.232269111019,0.0244023249149554,3.28571800810479,23.2209710812871,1895.21298845933,72.1334324577887,2050.10129564048,868.785404052734,7.5969092686971,16.1511325836182,36.1673993132017,2246.93127525166,180.054663244678,2420.21403860634,1314.08354248047,7.77889018058777,35.9697952270508,0.00661907346560352,0.205729629173816,0.0615981285231862,0.236635199023563,0.190659868747016,8.12923222803283e-05,0.0109458278327174,16.4172855363001,320.553319959615,-99.9541411471717,237.016464348744,677.064627693758,-0.367086099381322,3.64198200760697,1.41044117156401,44.090290697355,11.5217231806996,43.4383040822968,37.3798642137691,0.0155595276969162,1.10672792736346,13.6494512955741,139.391574606267,-131.258603725628,74.1937509089219,544.835308837891,-0.438712183634439,0.614042282104492,23.8148067937469,411.100871195574,-72.038228629521,338.64186121644,845.981942138672,-0.30530652999878,7.05624961853027,0.00469865222579488,0.146879534359699,0.0383827212076884,0.144707548443665,0.124524854867345,5.18340012468323e-05,0.00368688162547706,"SSP5-8.5 , 2090s"
"33","ssp585","NA_STSS","NA","STSS","2090s",37536,32.5001638526918,2090.54406210416,101.349379485649,2224.3936054425,1042.83676198335,7.68910276749305,21.6049046972538,4.04249279441784,81.6725119448916,24.5272163022005,95.500102643662,79.9947252729277,0.0381747472342681,4.82082078949876,24.1092472321977,1837.08546160891,48.9484218370842,1933.81979600062,837.745383707682,7.57221072514852,7.58899164199829,47.569542795828,2236.0617599676,172.838952035526,2385.97913285902,1403.53327636719,7.79241859118144,35.1324996948242,0.0208653300706907,0.42155274136438,0.126597248254178,0.492923862770128,0.4128928439993,0.000197038991017645,0.0248826706935479,20.3628636242984,237.774197957196,-97.8102998088514,160.326761772643,688.600343861173,-0.406280594011082,3.53990017869069,3.06085454157092,67.2950057416469,19.6020499966146,64.2572913363757,63.7560774443948,0.0305228344333941,2.03095051144098,14.1254676148844,48.3573298151141,-146.884061183313,-7.06882523973081,487.041835530599,-0.525836070378622,-0.76243782043457,31.513684868376,384.756908644667,-15.3575015965592,308.531407371683,897.776111857096,-0.309188493092858,13.8213443756104,0.015798603375729,0.347343230604496,0.101175998088686,0.331664065062383,0.329077049123446,0.000157543636447601,0.0104827528293855,"SSP5-8.5 , 2090s"
"34","ssp585","NP_SPSS","NP","SPSS","2090s",90384,39.8659598854736,1979.20581197008,62.5369808681599,2081.60875272371,1018.31328183163,7.65954631217802,14.4665048764041,5.90467912045,84.6078947154492,12.4957018821661,87.4648664665269,67.2988350404389,0.0326018725344355,5.03800483543131,25.9037076530177,1351.38552851204,22.461096576907,1427.49009182882,637.77548828125,7.50013598442078,-0.692846477031708,62.259915423349,2155.06534324225,118.170678989426,2257.00837965057,1283.93561279297,7.85504717826843,35.8380584716797,0.0196404087938233,0.281426578057563,0.0415637646221131,0.290929565765944,0.223852406638748,0.000108441812155854,0.0167576378757714,23.414568244104,127.889873379363,-61.7360845165137,89.5683571069536,663.770523512383,-0.412035544299501,5.35477053978043,3.52998160417808,40.0729261175399,13.410274884481,29.0010612488176,53.0648995131449,0.0251998097713943,2.03424545117633,12.5601475778518,-122.62952829314,-108.815493517754,-163.764573834393,366.503588867188,-0.635021003087362,0.566876411437988,40.034678375608,304.605469827736,-26.3681803541273,260.305553737189,940.900722249349,-0.260662937164307,13.4941635131836,0.0117415832980014,0.133292366013139,0.0446058584041524,0.0964646319913952,0.176506851224439,8.3820738661756e-05,0.00676639855156662,"SSP5-8.5 , 2090s"
"35","ssp585","NP_STPS","NP","STPS","2090s",210108,26.7179757281174,1964.25513304468,118.844788479979,2109.81789725278,1045.04948383063,7.68347518426377,29.7798378916704,2.67415713650072,70.4222707873858,14.9963657209163,73.1187675873404,50.408251537971,0.0229560417046497,3.9452124391759,22.1583121932193,1623.55631367368,57.8866646606422,1741.5481030352,892.987249755859,7.57981390953064,13.0309419631958,39.609026266207,2136.8076228451,145.480831401297,2275.58577796601,1293.25652587891,7.74954180717468,36.154670715332,0.00583398930901688,0.153634492634158,0.0327163411961709,0.159517218554789,0.109971548247751,5.00813134928639e-05,0.00860694641978696,16.1878536995517,234.754713008024,-100.291958600044,150.650608107532,669.531068771823,-0.37880557671651,3.99359044033411,1.72917542952731,36.54186644331,11.2056006963571,30.080689682179,34.5771594625671,0.0183027524427513,1.11797937841471,12.684344231214,112.31251190454,-124.564263082117,35.3809856885359,569.906947835286,-0.457080014546714,0.758102416992188,25.5799427458543,329.904840435728,-58.7270323790117,263.960287741039,844.985706176758,-0.298495165506999,8.77732467651367,0.00377240021971099,0.0797203931107643,0.0244463400341553,0.0656245736715852,0.0754341530224187,3.99296139404577e-05,0.00243900392102894,"SSP5-8.5 , 2090s"
"36","ssp585","NP_STSS","NP","STSS","2090s",40500,31.1009690276737,1987.84416072466,93.6424301810857,2112.58755993341,1031.2675731475,7.67874936645303,23.1736717811839,3.35151294090124,65.6954125954929,15.6347512593449,68.1481406717301,77.6698446312777,0.0322969723617337,4.82060776036745,24.7567521902677,1733.0136570092,53.2956768891758,1854.08291622611,832.321226806641,7.58021623293559,9.1660623550415,41.8875521297942,2136.57296417106,145.195180499325,2272.1228288509,1278.84794433594,7.7582492351532,35.5159225463867,0.0166538016962787,0.326443129718707,0.0776897036159903,0.338630833516015,0.385944560883076,0.000160484945929485,0.0239537925445436,19.226846531231,206.632824685052,-90.3135297545603,135.546141461723,681.641470933815,-0.409577273308482,4.50369243194404,2.09827511986054,35.2632082338469,12.2542600231322,24.1530727791624,51.7090501295737,0.0194132735835205,1.41419397335855,14.8370935878115,99.5503616747001,-115.088118820638,64.110431231702,552.495536295573,-0.495521736145018,0.77385139465332,26.791708142361,309.72348926387,-55.692807744286,232.063694484876,848.995321044922,-0.322265243530273,9.11857604980469,0.0104264128966771,0.175224290479138,0.0608919076126261,0.120017583554904,0.25694433587038,9.6465331996784e-05,0.0070271863506672,"SSP5-8.5 , 2090s"
"37","ssp585","Pac_EQU_E","Pac","EQU","2090s",72168,25.6261330822719,1977.0121810474,128.97032797919,2131.60864210886,1049.48890038686,7.68792015481055,31.5059426494182,1.24311259167501,55.4135382662476,6.83409821713815,57.7254920218291,33.9052054149395,0.013121956664292,1.96531967664716,21.8073869161562,1693.35400228824,97.948562255904,1824.28559504269,884.731412353516,7.62865465482076,23.1760292053223,32.3302503318769,2105.72776753117,145.917132783492,2245.96883407304,1202.50776367187,7.73451761245728,35.6277313232422,0.00462741159646485,0.20627355180183,0.0254395181523769,0.214879660122761,0.1262100808634,4.88456917284032e-05,0.00731578388263574,14.2065141798127,210.272693665932,-85.5452337974014,138.933974048344,628.902582150354,-0.337012627187917,4.56838988040524,0.725099712515526,31.9317794355757,10.1126880583116,31.5793095710188,24.4396568196942,0.0134074633477537,1.06645039582383,11.8140346662773,98.2996672789275,-116.597627075794,0.57386479685556,494.837945556641,-0.408479862213136,1.80097389221191,18.1573147484375,404.497032556928,-46.1556611220423,362.408027264541,726.988175455729,-0.234909772872925,7.54544830322266,0.00269913991762128,0.118864121758144,0.0376438709621699,0.117552073960078,0.0909751474954409,4.99084731262963e-05,0.00396979723456928,"SSP5-8.5 , 2090s"
"38","ssp585","Pac_EQU_W","Pac","EQU","2090s",52296,24.2060188143415,1916.20949376979,131.46695311394,2071.88246569807,1034.67078904276,7.68673643461799,33.5883341113521,0.51946730726883,46.2914939272488,5.61316661854868,51.1917917396306,24.8552874121018,0.0114233140415847,1.12053851083111,21.6909051187716,1720.33671518547,110.379754841287,1854.01813188897,888.514599609375,7.64106914202372,29.1384429931641,26.6572520079137,2031.25664113621,147.005375037233,2200.14345218824,1156.76423746745,7.71695165634155,36.1587753295898,0.00227155880659764,0.202426311010531,0.0245456025564002,0.223854636710547,0.10868873983297,4.99525749716978e-05,0.00489996018381374,14.3518161637191,219.417317213068,-110.029345849788,123.739787526999,642.875396000098,-0.359212824234007,3.53473648437715,0.633583298648607,40.7371365190381,11.364807471344,44.4976345815769,19.6156822676403,0.0157422586701426,0.839009977764995,11.5371694477498,58.9295728735701,-131.828890311295,-40.1013625370149,505.819486490885,-0.407243760426838,1.63968086242676,16.1334610235071,361.795651347994,-67.4491105433392,283.040917514651,740.014052124023,-0.312207622528076,6.01197052001953,0.00277057227975583,0.178137873010558,0.0496967338186274,0.194582011788155,0.0857766700213533,6.8838723472148e-05,0.00366887478219887,"SSP5-8.5 , 2090s"
"39","ssp585","SA_STPS","SA","STPS","2090s",93420,28.6309901708544,2099.25586910817,124.013687544481,2251.90054682351,1041.87294017334,7.70138290746833,26.1316147836979,2.38452021264175,52.5360646146047,19.245041036835,60.2456377561544,49.8457426816995,0.0209794511541584,3.8102643921352,23.5625092701865,1867.34454087404,72.156389882116,2017.16307807639,847.745680745443,7.60881565411886,14.5412693023682,38.8021852586513,2205.86182190698,163.740015687308,2359.55604835929,1213.51706298828,7.77023474375407,35.625431060791,0.00780155324116335,0.171884852558226,0.0629649568417389,0.197108646012175,0.163082792636839,6.86395125869888e-05,0.0124662313032855,17.3921611338361,280.707353313369,-95.8158965538161,202.283617893389,667.229153487962,-0.373936749031325,3.45310801441547,1.79428881739816,26.900413818946,8.108223994379,22.7507179851995,32.7964137613131,0.0200324206958301,0.784412237648224,11.7531323440689,148.614540149505,-115.748429955425,111.567996485674,503.195881347656,-0.432641115188596,0.98082160949707,23.2747747788402,440.340858985895,-33.4928485130628,385.830685513008,792.813791503906,-0.235279083251953,6.5439338684082,0.00587046386302068,0.0880114202870728,0.0265280792538745,0.0744346542735272,0.107301656208081,6.55410659885989e-05,0.00256640048701995,"SSP5-8.5 , 2090s"
"40","ssp585","SO_SPSS","SO","SPSS","2090s",258552,50.2458443876447,2090.9050351828,50.0915513667792,2191.24243093722,1019.2101986158,7.65632369797443,6.87658889061961,4.70506763150269,59.8963276576115,7.16532440157931,62.4337363178168,32.9808860253992,0.0223570228097353,2.95107916069679,30.3532583507063,1616.35345721769,26.350591707967,1691.71214945677,709.648305257161,7.58642859458923,-1.77976262569427,67.8360500027658,2222.10221675744,83.4714809162404,2325.42409880281,1110.97200195312,7.81898333231608,17.3352680206299,0.00925319937115109,0.117794834170888,0.0140916519037606,0.122785017109335,0.0648617060862019,4.39683349116455e-05,0.00580372610398704,30.1786424680344,139.894129341206,-55.054222242447,115.018549566794,650.998288624559,-0.402088831234685,2.8503509151782,3.08187103886989,18.7589265928255,6.42148968633412,11.7152000510791,23.9609291278808,0.00946506115802304,0.860334064809277,17.0583180694953,77.3975765711709,-94.6735127324037,68.6417482546647,434.279088846842,-0.469249219894408,-0.941974490880966,43.1343224095448,231.997429681279,-31.3516160694591,181.943714898302,707.711309814453,-0.332011108398439,6.389235496521,0.00606094734279768,0.0368921557237562,0.0126287928210849,0.023039643685405,0.0471226498114101,1.86144184982424e-05,0.00169197198658132,"SSP5-8.5 , 2090s"
"41","ssp585","SO_STSS","SO","STSS","2090s",190188,37.5316769894709,2078.52385316097,77.1620084816674,2193.21753863211,1016.42716307676,7.68196214434967,15.8477053148176,4.91342160180684,60.0473246058154,15.1978475484408,63.8518069919496,40.9384050785508,0.0262213128829257,3.95843238863801,25.3070194769575,1636.70993527222,41.5399431223946,1720.67891160586,668.995546468099,7.4949648698171,5.74501085281372,62.351557116539,2220.60670639663,129.7728485059,2344.47464725391,1585.47496744792,7.84295751253764,30.1856880187988,0.0112665896071254,0.137689906986769,0.0348490166561269,0.146413673271419,0.0938727116396196,6.01260781495561e-05,0.00907677720835872,22.8114029990568,202.408824593292,-74.59962621323,150.620601379118,657.648370677401,-0.397836458680585,3.37423046398177,3.00447093944792,36.1842550177036,12.8523716418762,23.6873199986579,29.6763296815099,0.0142665858343564,1.08764037005666,9.05687022624187,72.7740946631038,-117.957589041184,60.325536759982,388.051476033529,-0.479148225784301,-0.109840393066406,39.6347772859389,480.957368814551,-7.99678369173188,493.20698765661,1030.04880126953,-0.144394636154175,13.1767358779907,0.00688932149621486,0.0829713353672155,0.0294707860432792,0.0543155737377379,0.0680485117426876,3.27136119626728e-05,0.00249398457585325,"SSP5-8.5 , 2090s"
"42","ssp585","SP_STPS","SP","STPS","2090s",287268,29.7548365749533,2049.31388464154,112.406578052405,2191.4752992689,1041.20021136391,7.6903714951476,25.3702033717122,4.97137954138855,62.7412116139818,23.9996152238139,64.1404632487682,46.4594833338841,0.0226377403482608,6.00695413087257,23.0690701197628,1784.748749534,48.5368670742592,1925.36751285285,900.812008056641,7.54046056747436,7.33389043807983,50.4299165768172,2172.69539328484,147.399580348299,2322.88273401684,1457.46615722656,7.75212488174438,35.1762809753418,0.00927541383500661,0.117060203789401,0.0447775836120577,0.119670875105864,0.086682364702737,4.22366484537003e-05,0.0112075501353058,18.1153057609422,249.126759934023,-95.1923777197447,172.04968797522,667.732534769983,-0.380603606057039,3.431001747997,3.19822541929499,42.0872109859942,15.8938399656919,30.7561791486305,35.9124116859472,0.0243521961876737,1.09758125952002,10.819824964456,103.33341541777,-131.342876100974,3.75464046313436,453.388842773437,-0.48551326751709,0.454805374145508,32.4668669190919,361.906110871984,-30.4905124488971,282.13288177645,980.878535766602,-0.227643127441406,7.21465110778809,0.00596712925549693,0.0785247426406106,0.0296541315910036,0.0573837276377954,0.0670040332722713,4.54354159748694e-05,0.00204782602391135,"SSP5-8.5 , 2090s"
"43","ssp245","Atl_EQU","Atl","EQU","2000s",34920,10.2749197155761,1740.59799149714,237.90053257034,1988.77344378306,393.00157165149,8.05049303823248,28.2918444470101,0.525775463399428,63.566859057775,15.2471067199899,74.430913063991,20.197303558563,0.0168350604375263,1.62163363273026,5.47212866650521,1176.28159806605,152.422373634357,1334.88641417908,189.170600128174,7.99776918093364,23.3566398620605,12.4230430264187,1852.34288591223,268.141388298174,2087.66348060611,457.378255004883,8.24577035903931,32.0072479248047,0.00281360545495519,0.34016813991841,0.0815925154861347,0.398305431866542,0.108082722423636,9.0090202337076e-05,0.00867791966838602,NA,NA,NA,NA,NA,NA,NA,NA,NA,NA,NA,NA,NA,NA,NA,NA,NA,NA,NA,NA,NA,NA,NA,NA,NA,NA,NA,NA,NA,NA,NA,NA,NA,NA,NA,"Modern , 2000s"
"44","ssp245","IND_STPS","IND","STPS","2000s",181044,10.336718253153,1739.26346280559,225.499748487001,1975.09992954574,367.207823203405,8.07288852339879,25.5160335061733,0.921393248164015,64.6486192106802,21.7983255069945,61.5621299656312,22.4607329380528,0.0262385390468759,4.30652308197967,7.44589670459545,1422.40241830896,136.50744006307,1619.76107274382,280.803758239746,8.00467929840088,11.4637117385864,14.7494984951869,1950.46581109166,282.231457874906,2124.10623967557,436.634334716797,8.1552680015564,31.656078338623,0.00216547391819777,0.151938272857093,0.0512307914561352,0.144684353890061,0.0527875925484326,6.16662560430542e-05,0.0101212630228473,NA,NA,NA,NA,NA,NA,NA,NA,NA,NA,NA,NA,NA,NA,NA,NA,NA,NA,NA,NA,NA,NA,NA,NA,NA,NA,NA,NA,NA,NA,NA,NA,NA,NA,NA,"Modern , 2000s"
"45","ssp245","NA_SPSS","NA","SPSS","2000s",91392,15.9307978567576,1887.89278612271,134.834753437156,2038.65833741662,329.059850434534,8.10583058117592,7.48825583951022,2.25843838234925,127.313712778394,30.7714708809571,143.154040268445,35.1554450024929,0.0530313229301293,4.7441489675929,7.32258351904445,501.47285649552,3.00081360510415,529.055191323088,150.829236602783,7.56952986717224,-1.89007723331451,31.0428433667728,2056.07314339544,261.449365432307,2189.28166180534,540.029849243164,8.31022529602051,26.66526222229,0.00747057715369607,0.421134763502,0.101787433806265,0.473532203068693,0.116288966002451,0.000175419702661977,0.0156929368399078,NA,NA,NA,NA,NA,NA,NA,NA,NA,NA,NA,NA,NA,NA,NA,NA,NA,NA,NA,NA,NA,NA,NA,NA,NA,NA,NA,NA,NA,NA,NA,NA,NA,NA,NA,"Modern , 2000s"
"46","ssp245","NA_STPS","NA","STPS","2000s",90324,10.605881643311,1814.0314858594,244.096962459026,2068.73432996174,377.932089585576,8.07572636795055,25.0822793471255,0.755200925130315,49.5853279725861,21.8183748523565,55.0233241784492,24.867711034224,0.0270480367767423,3.13767640165999,9.09385349683824,1588.56843394149,154.208237115066,1809.05874098865,312.111514282226,7.95160698890686,14.3413467407227,14.3240821301222,1945.95958982111,283.315032748192,2168.95501803414,520.01064453125,8.15615205764771,30.7453956604004,0.00251281740921773,0.164987715487484,0.0725973583260366,0.183081829361875,0.0827435655000174,8.9998271236269e-05,0.0104401459588021,NA,NA,NA,NA,NA,NA,NA,NA,NA,NA,NA,NA,NA,NA,NA,NA,NA,NA,NA,NA,NA,NA,NA,NA,NA,NA,NA,NA,NA,NA,NA,NA,NA,NA,NA,"Modern , 2000s"
"47","ssp245","NA_STSS","NA","STSS","2000s",37596,12.1365580894172,1852.83118639567,199.190796738555,2064.15854122364,354.241891330263,8.09539512679002,18.0670998026372,1.52493479093464,61.1324368204004,33.2821284638519,69.4644660824345,27.6972004525698,0.0321499396286224,4.23324987302079,9.44094205613338,1714.76931572261,94.5991299576056,1855.50474865697,287.309684244792,7.93807077407837,4.54455280303955,18.8168590360978,1994.0303000882,274.264803025401,2175.79414194948,543.274126586914,8.17755031585693,30.1651000976562,0.00786466905723295,0.315283241691913,0.171648602579314,0.358254687494468,0.142845003383913,0.000165809473881937,0.0218324806318285,NA,NA,NA,NA,NA,NA,NA,NA,NA,NA,NA,NA,NA,NA,NA,NA,NA,NA,NA,NA,NA,NA,NA,NA,NA,NA,NA,NA,NA,NA,NA,NA,NA,NA,NA,"Modern , 2000s"
"48","ssp245","NP_SPSS","NP","SPSS","2000s",90696,16.4472620650259,1851.22428188868,124.295682924457,1991.96722687816,354.489102842006,8.07165763020362,9.11590301211024,2.93405590187226,75.947983445306,23.7048390282152,74.6416027750625,30.5339212874464,0.037422596127553,4.30605416136282,8.60480559999851,1406.71815487285,63.0308234596102,1523.70594007079,185.791261291504,7.84434847831726,-1.67849707603455,31.3097438658274,2056.84962186535,222.389775284476,2167.31066673486,576.580902099609,8.27720076243083,27.7749900817871,0.00974258755203378,0.252186700888742,0.0787123617828427,0.247848839415819,0.101388457275142,0.0001242624310479,0.0142983334585093,NA,NA,NA,NA,NA,NA,NA,NA,NA,NA,NA,NA,NA,NA,NA,NA,NA,NA,NA,NA,NA,NA,NA,NA,NA,NA,NA,NA,NA,NA,NA,NA,NA,NA,NA,"Modern , 2000s"
"49","ssp245","NP_STPS","NP","STPS","2000s",210300,10.5294861767797,1729.4698654456,219.143222388818,1959.1425740112,375.510253002374,8.06228830774995,25.7879261816343,1.13619626301208,61.0250214384344,23.933606965092,58.1898972172147,25.5721736111273,0.0278413505314826,3.9933274878946,8.46402895138871,1445.51091764017,122.599939913864,1631.82796414288,292.735034179687,7.96600944201151,11.5269041061401,15.5793493906647,1902.64622384747,254.178701401054,2079.99765856944,473.517169189453,8.16369457244873,31.6332588195801,0.00247761442109209,0.133072496438682,0.0521901468046207,0.126890162554341,0.055763241070373,6.07114578925067e-05,0.00870793725893985,NA,NA,NA,NA,NA,NA,NA,NA,NA,NA,NA,NA,NA,NA,NA,NA,NA,NA,NA,NA,NA,NA,NA,NA,NA,NA,NA,NA,NA,NA,NA,NA,NA,NA,NA,"Modern , 2000s"
"50","ssp245","NP_STSS","NP","STSS","2000s",40572,11.8713711545391,1781.14819583767,184.015640679203,1977.03520767141,349.621541494253,8.08834154720266,18.6785655930021,1.46033547178455,58.5659749037849,26.3505608286652,54.8716042958874,33.764182857417,0.0367989493130577,4.45126836892045,9.42380882078207,1591.69304680551,112.945109600596,1763.44586325353,238.209153747559,7.9593283812205,5.29030323028564,17.3552433236032,1965.32461901722,244.175868369037,2107.69004710056,487.347166137695,8.22769117355347,31.0058250427246,0.00725002369585516,0.290758331922477,0.130820755982487,0.272417152812586,0.167626638205482,0.000182693127474482,0.0220988956132438,NA,NA,NA,NA,NA,NA,NA,NA,NA,NA,NA,NA,NA,NA,NA,NA,NA,NA,NA,NA,NA,NA,NA,NA,NA,NA,NA,NA,NA,NA,NA,NA,NA,NA,NA,"Modern , 2000s"
"51","ssp245","Pac_EQU_E","Pac","EQU","2000s",72264,11.4200142751961,1766.76452766941,214.507014451051,1992.69155639565,420.589695308038,8.02493526548466,26.9367411253244,0.961647706624704,65.7134915988129,14.3820398916013,66.8055169856641,24.2089495501202,0.0169788433381952,1.89816596800186,7.94870164372792,1364.0139249365,156.896609336084,1536.16998862136,295.142951049805,7.91873788833618,19.7148551940918,16.9975450225797,1925.41443995542,257.927488397455,2120.12339137399,573.636340332031,8.10610778808594,30.8084716796875,0.00357729702699972,0.244451971871594,0.0535007032117794,0.248514269470683,0.0900564756259843,6.31607244287056e-05,0.00706111336543239,NA,NA,NA,NA,NA,NA,NA,NA,NA,NA,NA,NA,NA,NA,NA,NA,NA,NA,NA,NA,NA,NA,NA,NA,NA,NA,NA,NA,NA,NA,NA,NA,NA,NA,NA,"Modern , 2000s"
"52","ssp245","Pac_EQU_W","Pac","EQU","2000s",52356,9.85358786579128,1696.75771779858,241.499354938831,1948.1106606032,391.775095180896,8.0459668752164,30.0544106371688,0.564356982335711,39.6767295914979,11.4717436589246,45.2487110191655,22.6358212019611,0.0213561480801643,0.765737570637341,8.34537764531266,1549.90327563741,189.721234243491,1785.46978726154,327.034158325195,7.99191319147746,26.3615913391113,11.369268662553,1802.88203454384,262.395625319168,2050.16777025357,448.481004842122,8.10320971806844,31.5291233062744,0.00246644067035744,0.173401415405954,0.050135598576604,0.197752955367057,0.0989265868358575,9.33339603048626e-05,0.0033465454422555,NA,NA,NA,NA,NA,NA,NA,NA,NA,NA,NA,NA,NA,NA,NA,NA,NA,NA,NA,NA,NA,NA,NA,NA,NA,NA,NA,NA,NA,NA,NA,NA,NA,NA,NA,"Modern , 2000s"
"53","ssp245","SA_STPS","SA","STPS","2000s",93444,11.2387925122665,1818.55503522685,219.831844191922,2049.62567193104,374.643830010485,8.07532123783028,22.6786049695049,0.764457380031876,48.9862300274425,23.4809655223139,55.6045351530021,26.4512954649288,0.0263607656193716,3.55022645366367,9.07942163884044,1559.88427443085,128.972788407217,1778.59276438145,297.842690022787,7.89578086535136,12.7035503387451,18.4588513613023,1954.90473938129,266.684548696846,2137.02106317739,577.95248819987,8.15912834803263,31.4538917541504,0.00250079197653058,0.160250099237712,0.0768139751321981,0.181900756015387,0.0865309030894246,8.62347501352905e-05,0.0116139605190528,NA,NA,NA,NA,NA,NA,NA,NA,NA,NA,NA,NA,NA,NA,NA,NA,NA,NA,NA,NA,NA,NA,NA,NA,NA,NA,NA,NA,NA,NA,NA,NA,NA,NA,NA,"Modern , 2000s"
"54","ssp245","SO_SPSS","SO","SPSS","2000s",258720,20.0654338763722,1951.00158395423,105.157604087272,2076.22462191787,368.199687808787,8.05843247064898,4.02790865639332,1.7905840549976,52.8453028596725,12.9310494916704,57.2156830058566,12.7665992645093,0.0210737813417679,2.64504208244945,11.1713081025998,1490.02944764767,57.8736605363425,1571.57319819375,248.999035135905,7.99276628494263,-1.84682583808899,24.9679171041548,2095.89754406885,176.443973743158,2212.20898331637,415.198764038086,8.21899820963542,12.6620454788208,0.0035203002910096,0.103894220724335,0.0254225302417584,0.112486417475722,0.0250992199894885,4.14311958062187e-05,0.00520017051787717,NA,NA,NA,NA,NA,NA,NA,NA,NA,NA,NA,NA,NA,NA,NA,NA,NA,NA,NA,NA,NA,NA,NA,NA,NA,NA,NA,NA,NA,NA,NA,NA,NA,NA,NA,"Modern , 2000s"
"55","ssp245","SO_STSS","SO","STSS","2000s",190536,14.717735861821,1876.09300256291,151.785845043966,2042.5965834687,358.738504503927,8.07985149801751,12.4753600800199,2.13317480535096,58.7071413898206,26.4866107250327,56.6144101018705,20.6372853991619,0.0270644508546832,3.67035857752691,9.70688777299817,1415.26350843574,62.5514286624838,1533.56915094023,238.203764851888,7.72168278694153,2.86370778083801,35.0896197953469,2058.32069799784,236.678482992724,2176.44595518566,905.134934082031,8.22136907577515,25.2910671234131,0.00488695031706671,0.13449384575019,0.0606789234318869,0.129699548627644,0.0472785390919886,6.20027136799839e-05,0.00840852796929721,NA,NA,NA,NA,NA,NA,NA,NA,NA,NA,NA,NA,NA,NA,NA,NA,NA,NA,NA,NA,NA,NA,NA,NA,NA,NA,NA,NA,NA,NA,NA,NA,NA,NA,NA,"Modern , 2000s"
"56","ssp245","SP_STPS","SP","STPS","2000s",287412,11.6383343714584,1800.14478545257,207.62018482965,2019.40330465368,373.45563408232,8.07098697604613,21.9420906396975,1.97074565929261,69.4303323314328,37.6022171677221,59.2498832837087,29.4241793830271,0.0293015756867093,5.85315032015909,8.96832422953761,1567.41676930246,97.7754616051847,1788.8431849528,306.013478393555,7.82770372390747,5.67168807983398,26.7948857982594,2011.47587719264,269.461595573804,2143.81771786339,696.872084960938,8.15180702209473,31.0991096496582,0.00367602224050507,0.129508059354355,0.0701392317923277,0.110518517532304,0.0548847779065735,5.46560858314153e-05,0.010917852667831,NA,NA,NA,NA,NA,NA,NA,NA,NA,NA,NA,NA,NA,NA,NA,NA,NA,NA,NA,NA,NA,NA,NA,NA,NA,NA,NA,NA,NA,NA,NA,NA,NA,NA,NA,"Modern , 2000s"
